Dia del ano,Minuto,Temperatura,Dia de la semana,Radiacion
153,0,9.67,4,0.0
153,5,9.610833333333334,4,0.0
153,10,9.551666666666666,4,0.0
153,15,9.4925,4,0.0
153,20,9.433333333333334,4,0.0
153,25,9.374166666666667,4,0.0
153,30,9.315000000000001,4,0.0
153,35,9.255833333333333,4,0.0
153,40,9.196666666666667,4,0.0
153,45,9.137500000000001,4,0.0
153,50,9.078333333333333,4,0.0
153,55,9.019166666666667,4,0.0
153,60,8.96,4,0.0
153,65,8.901666666666667,4,0.0
153,70,8.843333333333334,4,0.0
153,75,8.785,4,0.0
153,80,8.726666666666667,4,0.0
153,85,8.668333333333333,4,0.0
153,90,8.61,4,0.0
153,95,8.551666666666668,4,0.0
153,100,8.493333333333334,4,0.0
153,105,8.435,4,0.0
153,110,8.376666666666667,4,0.0
153,115,8.318333333333333,4,0.0
153,120,8.26,4,0.0
153,125,8.200833333333334,4,0.0
153,130,8.141666666666666,4,0.0
153,135,8.0825,4,0.0
153,140,8.023333333333333,4,0.0
153,145,7.964166666666666,4,0.0
153,150,7.904999999999999,4,0.0
153,155,7.845833333333333,4,0.0
153,160,7.786666666666666,4,0.0
153,165,7.7275,4,0.0
153,170,7.668333333333333,4,0.0
153,175,7.609166666666667,4,0.0
153,180,7.55,4,0.0
153,185,7.4975,4,0.0
153,190,7.445,4,0.0
153,195,7.3925,4,0.0
153,200,7.34,4,0.0
153,205,7.2875,4,0.0
153,210,7.234999999999999,4,0.0
153,215,7.1825,4,0.0
153,220,7.13,4,0.0
153,225,7.0775,4,0.0
153,230,7.025,4,0.0
153,235,6.9725,4,0.0
153,240,6.92,4,0.0
153,245,6.8774999999999995,4,0.0
153,250,6.835,4,0.0
153,255,6.7925,4,0.0
153,260,6.75,4,0.0
153,265,6.7075,4,0.0
153,270,6.665,4,0.0
153,275,6.6225000000000005,4,0.0
153,280,6.58,4,0.0
153,285,6.5375,4,0.0
153,290,6.495,4,0.0
153,295,6.452500000000001,4,0.0
153,300,6.41,4,0.0
153,305,6.4191666666666665,4,0.0
153,310,6.428333333333334,4,0.0
153,315,6.4375,4,0.0
153,320,6.446666666666666,4,0.0
153,325,6.4558333333333335,4,0.0
153,330,6.465,4,0.0
153,335,6.474166666666666,4,0.0
153,340,6.483333333333333,4,0.0
153,345,6.4925,4,0.0
153,350,6.501666666666666,4,0.0
153,355,6.510833333333333,4,0.0
153,360,6.52,4,0.0
153,365,6.6125,4,0.0
153,370,6.705,4,0.0
153,375,6.797499999999999,4,0.0
153,380,6.89,4,0.0
153,385,6.9825,4,0.0
153,390,7.074999999999999,4,0.0
153,395,7.1674999999999995,4,0.0
153,400,7.26,4,0.0
153,405,7.3525,4,0.0
153,410,7.445,4,0.0
153,415,7.5375,4,0.0
153,420,7.63,4,0.0
153,425,7.7725,4,0.0
153,430,7.915,4,0.0
153,435,8.0575,4,0.0
153,440,8.2,4,0.0
153,445,8.3425,4,0.0
153,450,8.485,4,0.0
153,455,8.6275,4,0.0
153,460,8.77,4,0.0
153,465,8.9125,4,19.047454276685297
153,470,9.055,4,23.652993107498578
153,475,9.1975,4,33.630203100974697
153,480,9.34,4,49.019544123442969
153,485,9.48,4,68.54706401081053
153,490,9.62,4,90.847609540393591
153,495,9.76,4,114.80277011652674
153,500,9.9,4,139.61099632172417
153,505,10.04,4,164.73939015023575
153,510,10.18,4,189.84955053481281
153,515,10.32,4,214.73350944318986
153,520,10.459999999999999,4,239.26717231822599
153,525,10.6,4,263.37907000977145
153,530,10.74,4,287.0301076391479
153,535,10.879999999999999,4,310.20077586878847
153,540,11.02,4,332.88310125033433
153,545,11.1425,4,355.07568517330196
153,550,11.265,4,376.78062566768631
153,555,11.3875,4,398.00164063732643
153,560,11.51,4,418.74297065558909
153,565,11.6325,4,439.0087075269825
153,570,11.754999999999999,4,458.80245937155502
153,575,11.8775,4,478.12715168865236
153,580,12.0,4,496.98498115422893
153,585,12.1225,4,515.3773929504946
153,590,12.245000000000001,4,533.30513438231787
153,595,12.3675,4,550.768303055253
153,600,12.49,4,567.7664056759312
153,605,12.6125,4,584.29844276146332
153,610,12.735,4,600.36295789591043
153,615,12.8575,4,615.95811973552668
153,620,12.98,4,631.08176475889729
153,625,13.102500000000001,4,645.7314690902956
153,630,13.225000000000001,4,659.90458247602396
153,635,13.3475,4,673.59828761984522
153,640,13.47,4,686.80963492648607
153,645,13.592500000000001,4,699.53557424673011
153,650,13.715,4,711.77300009766327
153,655,13.8375,4,723.51876755698686
153,660,13.96,4,734.76973184899612
153,665,14.068333333333333,4,745.52275943199652
153,670,14.176666666666668,4,755.7747612756724
153,675,14.285,4,765.52270032143383
153,680,14.393333333333334,4,774.76361826912193
153,685,14.501666666666667,4,783.49464640301539
153,690,14.61,4,791.71301601492542
153,695,14.718333333333334,4,799.41607864971763
153,700,14.826666666666666,4,806.60130822007091
153,705,14.935,4,813.266319039927
153,710,15.043333333333333,4,819.40886683421093
153,715,15.151666666666667,4,825.02686364900535
153,720,15.26,4,830.11837814751311
153,725,15.3675,4,834.68164714223371
153,730,15.475,4,838.71507835597822
153,735,15.5825,4,842.21725376958761
153,740,15.69,4,845.18693723882461
153,745,15.7975,4,847.62307414081113
153,750,15.905000000000001,4,849.52479738982015
153,755,16.0125,4,850.89142710725434
153,760,16.12,4,851.72247441873276
153,765,16.2275,4,852.01764123495968
153,770,16.335,4,851.77682195923217
153,775,16.4425,4,851.00010308500919
153,780,16.55,4,849.6877635972013
153,785,16.643333333333334,4,847.84027333649635
153,790,16.736666666666668,4,845.45829318062272
153,795,16.830000000000002,4,842.54267133110784
153,800,16.923333333333336,4,839.09444360271186
153,805,17.01666666666667,4,835.11482749293577
153,810,17.11,4,830.60522250211716
153,815,17.203333333333333,4,825.567202594121
153,820,17.296666666666667,4,820.00251285581055
153,825,17.39,4,813.91306674582984
153,830,17.483333333333334,4,807.30093464647507
153,835,17.576666666666668,4,800.16834354779962
153,840,17.67,4,792.51766223487948
153,845,17.693333333333335,4,784.35140026653971
153,850,17.71666666666667,4,775.67219004789365
153,855,17.740000000000002,4,766.48278471445337
153,860,17.763333333333335,4,756.78603800070732
153,865,17.78666666666667,4,746.58489384923246
153,870,17.810000000000002,4,735.88237566269072
153,875,17.833333333333332,4,724.68155963418258
153,880,17.856666666666666,4,712.98556733170517
153,885,17.88,4,700.79753257848029
153,890,17.903333333333332,4,688.12059042808187
153,895,17.926666666666666,4,674.95783775878795
153,900,17.95,4,661.31231746461083
153,905,17.85333333333333,4,647.18697342986843
153,910,17.756666666666668,4,632.58461891989214
153,915,17.66,4,617.50790197788854
153,920,17.563333333333333,4,601.95924628727107
153,925,17.466666666666665,4,585.94081728536071
153,930,17.369999999999997,4,569.45445045833515
153,935,17.273333333333333,4,552.5016085959262
153,940,17.176666666666666,4,535.08329969867725
153,945,17.08,4,517.20002735382764
153,950,16.983333333333334,4,498.85170540433126
153,955,16.886666666666667,4,480.03759792591006
153,960,16.79,4,460.75626898875572
153,965,16.616666666666667,4,441.0055257266697
153,970,16.44333333333333,4,420.78243556222685
153,975,16.27,4,400.08336392343017
153,980,16.096666666666668,4,378.90415958434568
153,985,15.923333333333334,4,357.24046842095038
153,990,15.75,4,335.08837142438142
153,995,15.576666666666666,4,312.44542944514984
153,1000,15.403333333333334,4,289.31247721075437
153,1005,15.23,4,265.69657093973171
153,1010,15.056666666666667,4,241.61574337970069
153,1015,14.883333333333335,4,217.10672942614428
153,1020,14.71,4,192.23725073408397
153,1025,14.575000000000001,4,167.12550063441824
153,1030,14.440000000000001,4,141.97028439868873
153,1035,14.305,4,117.09614406327017
153,1040,14.17,4,93.01604802072012
153,1045,14.035,4,70.505665866377967
153,1050,13.9,4,50.656790891789655
153,1055,13.765,4,34.823233522676134
153,1060,13.63,4,24.313451477384039
153,1065,13.495000000000001,4,19.362120294267058
153,1070,13.36,4,0.0
153,1075,13.225,4,0.0
153,1080,13.09,4,0.0
153,1085,13.038333333333334,4,0.0
153,1090,12.986666666666666,4,0.0
153,1095,12.935,4,0.0
153,1100,12.883333333333333,4,0.0
153,1105,12.831666666666667,4,0.0
153,1110,12.780000000000001,4,0.0
153,1115,12.728333333333333,4,0.0
153,1120,12.676666666666668,4,0.0
153,1125,12.625,4,0.0
153,1130,12.573333333333334,4,0.0
153,1135,12.521666666666667,4,0.0
153,1140,12.47,4,0.0
153,1145,12.400833333333335,4,0.0
153,1150,12.331666666666667,4,0.0
153,1155,12.262500000000001,4,0.0
153,1160,12.193333333333333,4,0.0
153,1165,12.124166666666667,4,0.0
153,1170,12.055,4,0.0
153,1175,11.985833333333334,4,0.0
153,1180,11.916666666666668,4,0.0
153,1185,11.8475,4,0.0
153,1190,11.778333333333334,4,0.0
153,1195,11.709166666666667,4,0.0
153,1200,11.64,4,0.0
153,1205,11.613333333333333,4,0.0
153,1210,11.586666666666668,4,0.0
153,1215,11.56,4,0.0
153,1220,11.533333333333333,4,0.0
153,1225,11.506666666666668,4,0.0
153,1230,11.48,4,0.0
153,1235,11.453333333333333,4,0.0
153,1240,11.426666666666668,4,0.0
153,1245,11.4,4,0.0
153,1250,11.373333333333333,4,0.0
153,1255,11.346666666666668,4,0.0
153,1260,11.32,4,0.0
153,1265,11.308333333333334,4,0.0
153,1270,11.296666666666667,4,0.0
153,1275,11.285,4,0.0
153,1280,11.273333333333333,4,0.0
153,1285,11.261666666666667,4,0.0
153,1290,11.25,4,0.0
153,1295,11.238333333333333,4,0.0
153,1300,11.226666666666667,4,0.0
153,1305,11.215,4,0.0
153,1310,11.203333333333333,4,0.0
153,1315,11.191666666666666,4,0.0
153,1320,11.18,4,0.0
153,1325,11.179166666666667,4,0.0
153,1330,11.178333333333333,4,0.0
153,1335,11.1775,4,0.0
153,1340,11.176666666666666,4,0.0
153,1345,11.175833333333333,4,0.0
153,1350,11.175,4,0.0
153,1355,11.174166666666666,4,0.0
153,1360,11.173333333333334,4,0.0
153,1365,11.1725,4,0.0
153,1370,11.171666666666667,4,0.0
153,1375,11.170833333333333,4,0.0
153,1380,11.17,4,0.0
153,1385,11.204166666666666,4,0.0
153,1390,11.238333333333333,4,0.0
153,1395,11.2725,4,0.0
153,1400,11.306666666666667,4,0.0
153,1405,11.340833333333332,4,0.0
153,1410,11.375,4,0.0
153,1415,11.409166666666668,4,0.0
153,1420,11.443333333333333,4,0.0
153,1425,11.4775,4,0.0
153,1430,11.511666666666667,4,0.0
153,1435,11.545833333333334,4,0.0
154,0,11.58,5,0.0
154,5,11.530833333333334,5,0.0
154,10,11.481666666666667,5,0.0
154,15,11.432500000000001,5,0.0
154,20,11.383333333333333,5,0.0
154,25,11.334166666666667,5,0.0
154,30,11.285,5,0.0
154,35,11.235833333333334,5,0.0
154,40,11.186666666666667,5,0.0
154,45,11.1375,5,0.0
154,50,11.088333333333333,5,0.0
154,55,11.039166666666667,5,0.0
154,60,10.99,5,0.0
154,65,10.930833333333334,5,0.0
154,70,10.871666666666666,5,0.0
154,75,10.8125,5,0.0
154,80,10.753333333333334,5,0.0
154,85,10.694166666666666,5,0.0
154,90,10.635,5,0.0
154,95,10.575833333333334,5,0.0
154,100,10.516666666666666,5,0.0
154,105,10.4575,5,0.0
154,110,10.398333333333333,5,0.0
154,115,10.339166666666666,5,0.0
154,120,10.28,5,0.0
154,125,10.233333333333333,5,0.0
154,130,10.186666666666666,5,0.0
154,135,10.14,5,0.0
154,140,10.093333333333334,5,0.0
154,145,10.046666666666667,5,0.0
154,150,10.0,5,0.0
154,155,9.953333333333333,5,0.0
154,160,9.906666666666666,5,0.0
154,165,9.86,5,0.0
154,170,9.813333333333334,5,0.0
154,175,9.766666666666667,5,0.0
154,180,9.72,5,0.0
154,185,9.695,5,0.0
154,190,9.67,5,0.0
154,195,9.645,5,0.0
154,200,9.620000000000001,5,0.0
154,205,9.595,5,0.0
154,210,9.57,5,0.0
154,215,9.545,5,0.0
154,220,9.52,5,0.0
154,225,9.495000000000001,5,0.0
154,230,9.47,5,0.0
154,235,9.445,5,0.0
154,240,9.42,5,0.0
154,245,9.406666666666666,5,0.0
154,250,9.393333333333333,5,0.0
154,255,9.379999999999999,5,0.0
154,260,9.366666666666667,5,0.0
154,265,9.353333333333333,5,0.0
154,270,9.34,5,0.0
154,275,9.326666666666666,5,0.0
154,280,9.313333333333333,5,0.0
154,285,9.3,5,0.0
154,290,9.286666666666667,5,0.0
154,295,9.273333333333333,5,0.0
154,300,9.26,5,0.0
154,305,9.26,5,0.0
154,310,9.26,5,0.0
154,315,9.26,5,0.0
154,320,9.26,5,0.0
154,325,9.26,5,0.0
154,330,9.26,5,0.0
154,335,9.26,5,0.0
154,340,9.26,5,0.0
154,345,9.26,5,0.0
154,350,9.26,5,0.0
154,355,9.26,5,0.0
154,360,9.26,5,0.0
154,365,9.280833333333334,5,0.0
154,370,9.301666666666666,5,0.0
154,375,9.3225,5,0.0
154,380,9.343333333333334,5,0.0
154,385,9.364166666666666,5,0.0
154,390,9.385,5,0.0
154,395,9.405833333333334,5,0.0
154,400,9.426666666666666,5,0.0
154,405,9.4475,5,0.0
154,410,9.468333333333334,5,0.0
154,415,9.489166666666666,5,0.0
154,420,9.51,5,0.0
154,425,9.544166666666666,5,0.0
154,430,9.578333333333333,5,0.0
154,435,9.6125,5,0.0
154,440,9.646666666666667,5,0.0
154,445,9.680833333333332,5,0.0
154,450,9.715,5,0.0
154,455,9.749166666666667,5,0.0
154,460,9.783333333333333,5,0.0
154,465,9.817499999999999,5,18.311700043941428
154,470,9.851666666666667,5,22.553614604108422
154,475,9.885833333333334,5,31.754094364205308
154,480,9.92,5,46.379910031988608
154,485,9.983333333333333,5,65.08625692016895
154,490,10.046666666666667,5,86.571745432934762
154,495,10.11,5,109.69657448605062
154,500,10.173333333333334,5,133.63875289746187
154,505,10.236666666666666,5,157.85093086768404
154,510,10.3,5,181.98611601865491
154,515,10.363333333333333,5,205.83206037090321
154,520,10.426666666666666,5,229.26320155038252
154,525,10.49,5,252.20831851768929
154,530,10.553333333333333,5,274.62956719043939
154,535,10.616666666666667,5,296.50925247859584
154,540,10.68,5,317.841520435034
154,545,10.817499999999999,5,337.48010698939822
154,550,10.955,5,356.43532057388177
154,555,11.0925,5,374.71800627998067
154,560,11.23,5,392.33948361774395
154,565,11.3675,5,409.31086943394126
154,570,11.504999999999999,5,425.64274906265842
154,575,11.6425,5,441.3449924248788
154,580,11.78,5,456.42672236969469
154,585,11.9175,5,470.89630924118518
154,590,12.055,5,484.76143769082762
154,595,12.1925,5,498.0291680646468
154,600,12.33,5,510.70600655678464
154,605,12.52,5,521.85155880684908
154,610,12.71,5,532.36565501004213
154,615,12.9,5,542.25590654199004
154,620,13.09,5,551.52966777774714
154,625,13.28,5,560.19411084083788
154,630,13.469999999999999,5,568.25626473457635
154,635,13.66,5,575.72307471810734
154,640,13.85,5,582.6014383365582
154,645,14.04,5,588.89823744213368
154,650,14.23,5,594.62038016429676
154,655,14.42,5,599.77481663443382
154,660,14.61,5,604.36857355572988
154,665,14.783333333333333,5,609.21452115125851
154,670,14.956666666666667,5,613.53636474673328
154,675,15.129999999999999,5,617.33981147925908
154,680,15.303333333333333,5,620.63069421433488
154,685,15.476666666666667,5,623.41497835194696
154,690,15.65,5,625.69876795398295
154,695,15.823333333333334,5,627.4883192239422
154,700,15.996666666666668,5,628.79003912082032
154,705,16.17,5,629.61049624871418
154,710,16.343333333333334,5,629.95641800309238
154,715,16.51666666666667,5,629.8346983191833
154,720,16.69,5,629.25239379713241
154,725,16.826666666666668,5,629.57049403855501
154,730,16.963333333333335,5,629.45577940004171
154,735,17.1,5,628.91321352024011
154,740,17.236666666666668,5,627.94791586120255
154,745,17.373333333333335,5,626.56515806024333
154,750,17.509999999999998,5,624.77036499953488
154,755,17.646666666666665,5,622.56911105477059
154,760,17.78333333333333,5,619.9671193803872
154,765,17.919999999999998,5,616.97025816255689
154,770,18.056666666666665,5,613.58453828703261
154,775,18.19333333333333,5,609.81610943183364
154,780,18.33,5,605.67125673745772
154,785,18.43,5,602.53187854855662
154,790,18.529999999999998,5,599.02135746322506
154,795,18.63,5,595.14375764786791
154,800,18.73,5,590.90326758194885
154,805,18.83,5,586.30419387231188
154,810,18.93,5,581.35095948521405
154,815,19.03,5,576.04809651414507
154,820,19.13,5,570.40024194257262
154,825,19.23,5,564.41213385445019
154,830,19.330000000000002,5,558.08860167395494
154,835,19.43,5,551.43456419887332
154,840,19.53,5,544.45501769946225
154,845,19.55,5,537.15503360983814
154,850,19.57,5,529.53974471747085
154,855,19.59,5,521.6143423100068
154,860,19.61,5,513.38406113360998
154,865,19.63,5,504.85417117665139
154,870,19.65,5,496.02996933417097
154,875,19.67,5,486.91676050569743
154,880,19.69,5,477.51985190408436
154,885,19.71,5,467.84453029224676
154,890,19.73,5,457.89605431753353
154,895,19.75,5,447.67962814761637
154,900,19.77,5,437.20039117924858
154,905,19.66583333333333,5,426.46338867214763
154,910,19.561666666666667,5,415.47355173511625
154,915,19.4575,5,404.23567572016617
154,920,19.35333333333333,5,392.75438301106078
154,925,19.249166666666667,5,381.03410294471081
154,930,19.145,5,369.07902760512616
154,935,19.04083333333333,5,356.89308719707634
154,940,18.936666666666667,5,344.4799005817697
154,945,18.8325,5,331.84274766775434
154,950,18.72833333333333,5,318.98451957208107
154,955,18.624166666666667,5,305.90768602717282
154,960,18.52,5,292.6142698492398
154,965,18.35,5,279.34433860390715
154,970,18.18,5,265.83856353239418
154,975,18.009999999999998,5,252.09683327295423
154,980,17.84,5,238.11872771535732
154,985,17.67,5,223.9037225219223
154,990,17.5,5,209.45159667454666
154,995,17.33,5,194.7630929605437
154,1000,17.16,5,179.84104333383203
154,1005,16.990000000000002,5,164.69220712904666
154,1010,16.82,5,149.33022253109689
154,1015,16.65,5,133.78038275914179
154,1020,16.48,5,118.08720195028086
154,1025,16.330833333333334,5,102.32636988827059
154,1030,16.18166666666667,5,86.623162243406398
154,1035,16.0325,5,71.179843456643042
154,1040,15.883333333333333,5,56.313386038106664
154,1045,15.734166666666667,5,42.499323072090391
154,1050,15.585,5,30.401006979640858
154,1055,15.435833333333333,5,20.830537690012303
154,1060,15.286666666666667,5,14.553430372551409
154,1065,15.1375,5,11.622093603445043
154,1070,14.988333333333333,5,0.0
154,1075,14.839166666666666,5,0.0
154,1080,14.69,5,0.0
154,1085,14.605,5,0.0
154,1090,14.52,5,0.0
154,1095,14.434999999999999,5,0.0
154,1100,14.35,5,0.0
154,1105,14.265,5,0.0
154,1110,14.18,5,0.0
154,1115,14.094999999999999,5,0.0
154,1120,14.01,5,0.0
154,1125,13.925,5,0.0
154,1130,13.84,5,0.0
154,1135,13.754999999999999,5,0.0
154,1140,13.67,5,0.0
154,1145,13.6175,5,0.0
154,1150,13.565,5,0.0
154,1155,13.5125,5,0.0
154,1160,13.459999999999999,5,0.0
154,1165,13.407499999999999,5,0.0
154,1170,13.355,5,0.0
154,1175,13.3025,5,0.0
154,1180,13.25,5,0.0
154,1185,13.1975,5,0.0
154,1190,13.145,5,0.0
154,1195,13.0925,5,0.0
154,1200,13.04,5,0.0
154,1205,12.998333333333333,5,0.0
154,1210,12.956666666666665,5,0.0
154,1215,12.915,5,0.0
154,1220,12.873333333333333,5,0.0
154,1225,12.831666666666665,5,0.0
154,1230,12.79,5,0.0
154,1235,12.748333333333333,5,0.0
154,1240,12.706666666666665,5,0.0
154,1245,12.665,5,0.0
154,1250,12.623333333333333,5,0.0
154,1255,12.581666666666665,5,0.0
154,1260,12.54,5,0.0
154,1265,12.501666666666665,5,0.0
154,1270,12.463333333333333,5,0.0
154,1275,12.424999999999999,5,0.0
154,1280,12.386666666666667,5,0.0
154,1285,12.348333333333333,5,0.0
154,1290,12.309999999999999,5,0.0
154,1295,12.271666666666667,5,0.0
154,1300,12.233333333333333,5,0.0
154,1305,12.195,5,0.0
154,1310,12.156666666666666,5,0.0
154,1315,12.118333333333334,5,0.0
154,1320,12.08,5,0.0
154,1325,12.057500000000001,5,0.0
154,1330,12.035,5,0.0
154,1335,12.0125,5,0.0
154,1340,11.99,5,0.0
154,1345,11.967500000000001,5,0.0
154,1350,11.945,5,0.0
154,1355,11.9225,5,0.0
154,1360,11.9,5,0.0
154,1365,11.877500000000001,5,0.0
154,1370,11.855,5,0.0
154,1375,11.8325,5,0.0
154,1380,11.81,5,0.0
154,1385,11.848333333333334,5,0.0
154,1390,11.886666666666667,5,0.0
154,1395,11.925,5,0.0
154,1400,11.963333333333333,5,0.0
154,1405,12.001666666666667,5,0.0
154,1410,12.04,5,0.0
154,1415,12.078333333333333,5,0.0
154,1420,12.116666666666667,5,0.0
154,1425,12.155,5,0.0
154,1430,12.193333333333333,5,0.0
154,1435,12.231666666666666,5,0.0
155,0,12.27,6,0.0
155,5,12.205833333333333,6,0.0
155,10,12.141666666666666,6,0.0
155,15,12.0775,6,0.0
155,20,12.013333333333334,6,0.0
155,25,11.949166666666667,6,0.0
155,30,11.885,6,0.0
155,35,11.820833333333333,6,0.0
155,40,11.756666666666666,6,0.0
155,45,11.692499999999999,6,0.0
155,50,11.628333333333334,6,0.0
155,55,11.564166666666667,6,0.0
155,60,11.5,6,0.0
155,65,11.421666666666667,6,0.0
155,70,11.343333333333334,6,0.0
155,75,11.265,6,0.0
155,80,11.186666666666667,6,0.0
155,85,11.108333333333334,6,0.0
155,90,11.030000000000001,6,0.0
155,95,10.951666666666666,6,0.0
155,100,10.873333333333333,6,0.0
155,105,10.795,6,0.0
155,110,10.716666666666667,6,0.0
155,115,10.638333333333334,6,0.0
155,120,10.56,6,0.0
155,125,10.52,6,0.0
155,130,10.48,6,0.0
155,135,10.440000000000001,6,0.0
155,140,10.4,6,0.0
155,145,10.36,6,0.0
155,150,10.32,6,0.0
155,155,10.280000000000001,6,0.0
155,160,10.24,6,0.0
155,165,10.2,6,0.0
155,170,10.16,6,0.0
155,175,10.120000000000001,6,0.0
155,180,10.08,6,0.0
155,185,10.095833333333333,6,0.0
155,190,10.111666666666666,6,0.0
155,195,10.1275,6,0.0
155,200,10.143333333333333,6,0.0
155,205,10.159166666666666,6,0.0
155,210,10.175,6,0.0
155,215,10.190833333333334,6,0.0
155,220,10.206666666666667,6,0.0
155,225,10.2225,6,0.0
155,230,10.238333333333333,6,0.0
155,235,10.254166666666666,6,0.0
155,240,10.27,6,0.0
155,245,10.282499999999999,6,0.0
155,250,10.295,6,0.0
155,255,10.3075,6,0.0
155,260,10.32,6,0.0
155,265,10.3325,6,0.0
155,270,10.344999999999999,6,0.0
155,275,10.3575,6,0.0
155,280,10.37,6,0.0
155,285,10.3825,6,0.0
155,290,10.395,6,0.0
155,295,10.4075,6,0.0
155,300,10.42,6,0.0
155,305,10.428333333333333,6,0.0
155,310,10.436666666666667,6,0.0
155,315,10.445,6,0.0
155,320,10.453333333333333,6,0.0
155,325,10.461666666666666,6,0.0
155,330,10.469999999999999,6,0.0
155,335,10.478333333333333,6,0.0
155,340,10.486666666666666,6,0.0
155,345,10.495,6,0.0
155,350,10.503333333333334,6,0.0
155,355,10.511666666666667,6,0.0
155,360,10.52,6,0.0
155,365,10.54,6,0.0
155,370,10.559999999999999,6,0.0
155,375,10.58,6,0.0
155,380,10.6,6,0.0
155,385,10.62,6,0.0
155,390,10.64,6,0.0
155,395,10.66,6,0.0
155,400,10.68,6,0.0
155,405,10.7,6,0.0
155,410,10.719999999999999,6,0.0
155,415,10.74,6,0.0
155,420,10.76,6,0.0
155,425,10.7975,6,0.0
155,430,10.835,6,0.0
155,435,10.8725,6,0.0
155,440,10.91,6,0.0
155,445,10.9475,6,0.0
155,450,10.985,6,0.0
155,455,11.0225,6,0.0
155,460,11.06,6,0.0
155,465,11.0975,6,8.1463416957698609
155,470,11.135000000000002,6,10.03552000497988
155,475,11.172500000000001,6,13.974128913038058
155,480,11.21,6,20.437528190456824
155,485,11.280833333333334,6,28.939636797990289
155,490,11.351666666666667,6,38.850526596584643
155,495,11.422500000000001,6,49.644738331881861
155,500,11.493333333333334,6,60.935829482516624
155,505,11.564166666666667,6,72.462519654589528
155,510,11.635000000000002,6,84.056688458696584
155,515,11.705833333333334,6,95.613645877881865
155,520,11.776666666666667,6,107.06987835670273
155,525,11.8475,6,118.38788425260857
155,530,11.918333333333333,6,129.5462603480714
155,535,11.989166666666668,6,140.53340342262851
155,540,12.06,6,151.34352933066637
155,545,12.191666666666666,6,162.16428399637812
155,550,12.323333333333334,6,172.82855858971314
155,555,12.455,6,183.33582083581811
155,560,12.586666666666668,6,193.6858674737577
155,565,12.718333333333334,6,203.8784804891647
155,570,12.850000000000001,6,213.91324859876511
155,575,12.981666666666667,6,223.7894579539996
155,580,13.113333333333333,6,233.50605843597046
155,585,13.245000000000001,6,243.06164380498717
155,590,13.376666666666667,6,252.45446994698352
155,595,13.508333333333335,6,261.68247214604224
155,600,13.64,6,270.74328856968299
155,605,13.816666666666666,6,280.2632868409122
155,610,13.993333333333334,6,289.64547451000306
155,615,14.17,6,298.88525926067223
155,620,14.346666666666668,6,307.97785667701152
155,625,14.523333333333333,6,316.91832209355107
155,630,14.7,6,325.70156473295361
155,635,14.876666666666667,6,334.32237498945403
155,640,15.053333333333333,6,342.7754402785859
155,645,15.23,6,351.05535984326934
155,650,15.406666666666666,6,359.15666686913812
155,655,15.583333333333334,6,367.07383630065488
155,660,15.76,6,374.80130502534951
155,665,15.925833333333333,6,381.93150987294462
155,670,16.091666666666665,6,388.84967865512931
155,675,16.2575,6,395.55101083529752
155,680,16.423333333333332,6,402.03071766699173
155,685,16.589166666666667,6,408.28402893390171
155,690,16.755,6,414.30619960819394
155,695,16.920833333333334,6,420.0925218097579
155,700,17.086666666666666,6,425.63832737568498
155,705,17.2525,6,430.93899893463532
155,710,17.418333333333333,6,435.98997207526662
155,715,17.58416666666667,6,440.78674499740561
155,720,17.75,6,445.32488044243621
155,725,17.886666666666667,6,448.24871898063401
155,730,18.023333333333333,6,450.89205836489623
155,735,18.16,6,453.2532756216051
155,740,18.296666666666667,6,455.3308415991782
155,745,18.433333333333334,6,457.12332131366367
155,750,18.57,6,458.62937777155474
155,755,18.706666666666667,6,459.84777232490183
155,760,18.843333333333334,6,460.77736729677827
155,765,18.98,6,461.41712638991072
155,770,19.116666666666667,6,461.76611617362244
155,775,19.253333333333334,6,461.82350639570672
155,780,19.39,6,461.58857072365782
155,785,19.490000000000002,6,460.60290063993466
155,790,19.59,6,459.32630089036093
155,795,19.69,6,457.75922165312909
155,800,19.79,6,455.90221421039496
155,805,19.89,6,453.75592772206772
155,810,19.990000000000002,6,451.32110935295907
155,815,20.09,6,448.59860015833715
155,820,20.19,6,445.58933321075534
155,825,20.29,6,442.29433204738461
155,830,20.39,6,438.71470439575666
155,835,20.49,6,434.85164190918624
155,840,20.59,6,430.7064120411751
155,845,20.618333333333332,6,427.12770364779169
155,850,20.64666666666667,6,423.25087154131165
155,855,20.675,6,419.07573008236199
155,860,20.703333333333333,6,414.60215864093675
155,865,20.731666666666666,6,409.83009623040823
155,870,20.759999999999998,6,404.75953585049143
155,875,20.788333333333334,6,399.390509966835
155,880,20.816666666666666,6,393.72308639326394
155,885,20.845,6,387.75734988171354
155,890,20.873333333333335,6,381.49339567980809
155,895,20.901666666666667,6,374.93130721400166
155,900,20.93,6,368.07114657183592
155,905,20.855833333333333,6,362.31160734149103
155,910,20.781666666666666,6,356.19086877647794
155,915,20.7075,6,349.70570373652976
155,920,20.633333333333333,6,342.85278295925963
155,925,20.559166666666666,6,335.62865088909018
155,930,20.485,6,328.02967891592147
155,935,20.410833333333333,6,320.05203383237938
155,940,20.336666666666666,6,311.69162236838741
155,945,20.2625,6,302.94405298944793
155,950,20.188333333333333,6,293.80457554691156
155,955,20.114166666666666,6,284.26803417311487
155,960,20.04,6,274.3288248572274
155,965,19.888333333333332,6,264.45728180510213
155,970,19.736666666666665,6,254.1265999810403
155,975,19.585,6,243.32813441320471
155,980,19.433333333333334,6,232.0528360108591
155,985,19.281666666666666,6,220.29143959147021
155,990,19.13,6,208.03486808928511
155,995,18.97833333333333,6,195.27491876361728
155,1000,18.826666666666664,6,182.00546680267558
155,1005,18.674999999999997,6,168.22447761603638
155,1010,18.523333333333333,6,153.93729938075461
155,1015,18.371666666666666,6,139.16206925299551
155,1020,18.22,6,123.93839787340067
155,1025,18.085,6,108.25143404239574
155,1030,17.95,6,92.350264402170609
155,1035,17.814999999999998,6,76.456055305433296
155,1040,17.68,6,60.924154989590384
155,1045,17.545,6,46.297856350621494
155,1050,17.41,6,33.347318261272527
155,1055,17.275,6,23.031197457619626
155,1060,17.14,6,16.276194900661814
155,1065,17.005000000000003,6,13.164547968216718
155,1070,16.87,6,0.0
155,1075,16.735,6,0.0
155,1080,16.6,6,0.0
155,1085,16.505000000000003,6,0.0
155,1090,16.41,6,0.0
155,1095,16.315,6,0.0
155,1100,16.220000000000002,6,0.0
155,1105,16.125,6,0.0
155,1110,16.03,6,0.0
155,1115,15.935,6,0.0
155,1120,15.840000000000002,6,0.0
155,1125,15.745000000000001,6,0.0
155,1130,15.65,6,0.0
155,1135,15.555000000000001,6,0.0
155,1140,15.46,6,0.0
155,1145,15.395833333333334,6,0.0
155,1150,15.331666666666667,6,0.0
155,1155,15.2675,6,0.0
155,1160,15.203333333333333,6,0.0
155,1165,15.139166666666666,6,0.0
155,1170,15.075,6,0.0
155,1175,15.010833333333334,6,0.0
155,1180,14.946666666666667,6,0.0
155,1185,14.8825,6,0.0
155,1190,14.818333333333333,6,0.0
155,1195,14.754166666666666,6,0.0
155,1200,14.69,6,0.0
155,1205,14.629166666666666,6,0.0
155,1210,14.568333333333333,6,0.0
155,1215,14.5075,6,0.0
155,1220,14.446666666666667,6,0.0
155,1225,14.385833333333334,6,0.0
155,1230,14.325,6,0.0
155,1235,14.264166666666666,6,0.0
155,1240,14.203333333333333,6,0.0
155,1245,14.1425,6,0.0
155,1250,14.081666666666667,6,0.0
155,1255,14.020833333333334,6,0.0
155,1260,13.96,6,0.0
155,1265,13.899166666666668,6,0.0
155,1270,13.838333333333335,6,0.0
155,1275,13.7775,6,0.0
155,1280,13.716666666666667,6,0.0
155,1285,13.655833333333334,6,0.0
155,1290,13.595,6,0.0
155,1295,13.534166666666668,6,0.0
155,1300,13.473333333333334,6,0.0
155,1305,13.412500000000001,6,0.0
155,1310,13.351666666666667,6,0.0
155,1315,13.290833333333333,6,0.0
155,1320,13.23,6,0.0
155,1325,13.175,6,0.0
155,1330,13.120000000000001,6,0.0
155,1335,13.065000000000001,6,0.0
155,1340,13.01,6,0.0
155,1345,12.955,6,0.0
155,1350,12.9,6,0.0
155,1355,12.845,6,0.0
155,1360,12.790000000000001,6,0.0
155,1365,12.735,6,0.0
155,1370,12.68,6,0.0
155,1375,12.625,6,0.0
155,1380,12.57,6,0.0
155,1385,12.589166666666667,6,0.0
155,1390,12.608333333333334,6,0.0
155,1395,12.627500000000001,6,0.0
155,1400,12.646666666666667,6,0.0
155,1405,12.665833333333333,6,0.0
155,1410,12.685,6,0.0
155,1415,12.704166666666667,6,0.0
155,1420,12.723333333333334,6,0.0
155,1425,12.7425,6,0.0
155,1430,12.761666666666667,6,0.0
155,1435,12.780833333333334,6,0.0
156,0,12.8,0,0.0
156,5,12.762500000000001,0,0.0
156,10,12.725000000000001,0,0.0
156,15,12.6875,0,0.0
156,20,12.65,0,0.0
156,25,12.6125,0,0.0
156,30,12.575,0,0.0
156,35,12.5375,0,0.0
156,40,12.5,0,0.0
156,45,12.4625,0,0.0
156,50,12.425,0,0.0
156,55,12.3875,0,0.0
156,60,12.35,0,0.0
156,65,12.305833333333332,0,0.0
156,70,12.261666666666667,0,0.0
156,75,12.2175,0,0.0
156,80,12.173333333333334,0,0.0
156,85,12.129166666666666,0,0.0
156,90,12.085,0,0.0
156,95,12.040833333333333,0,0.0
156,100,11.996666666666666,0,0.0
156,105,11.9525,0,0.0
156,110,11.908333333333333,0,0.0
156,115,11.864166666666668,0,0.0
156,120,11.82,0,0.0
156,125,11.770833333333334,0,0.0
156,130,11.721666666666668,0,0.0
156,135,11.6725,0,0.0
156,140,11.623333333333333,0,0.0
156,145,11.574166666666667,0,0.0
156,150,11.525,0,0.0
156,155,11.475833333333334,0,0.0
156,160,11.426666666666668,0,0.0
156,165,11.377500000000001,0,0.0
156,170,11.328333333333333,0,0.0
156,175,11.279166666666667,0,0.0
156,180,11.23,0,0.0
156,185,11.18,0,0.0
156,190,11.13,0,0.0
156,195,11.08,0,0.0
156,200,11.030000000000001,0,0.0
156,205,10.98,0,0.0
156,210,10.93,0,0.0
156,215,10.88,0,0.0
156,220,10.83,0,0.0
156,225,10.780000000000001,0,0.0
156,230,10.73,0,0.0
156,235,10.680000000000001,0,0.0
156,240,10.63,0,0.0
156,245,10.585,0,0.0
156,250,10.540000000000001,0,0.0
156,255,10.495000000000001,0,0.0
156,260,10.450000000000001,0,0.0
156,265,10.405000000000001,0,0.0
156,270,10.36,0,0.0
156,275,10.315,0,0.0
156,280,10.27,0,0.0
156,285,10.225,0,0.0
156,290,10.18,0,0.0
156,295,10.135,0,0.0
156,300,10.09,0,0.0
156,305,10.066666666666666,0,0.0
156,310,10.043333333333333,0,0.0
156,315,10.02,0,0.0
156,320,9.996666666666666,0,0.0
156,325,9.973333333333333,0,0.0
156,330,9.95,0,0.0
156,335,9.926666666666668,0,0.0
156,340,9.903333333333334,0,0.0
156,345,9.88,0,0.0
156,350,9.856666666666667,0,0.0
156,355,9.833333333333334,0,0.0
156,360,9.81,0,0.0
156,365,9.818333333333333,0,0.0
156,370,9.826666666666668,0,0.0
156,375,9.835,0,0.0
156,380,9.843333333333334,0,0.0
156,385,9.851666666666667,0,0.0
156,390,9.86,0,0.0
156,395,9.868333333333334,0,0.0
156,400,9.876666666666667,0,0.0
156,405,9.885,0,0.0
156,410,9.893333333333334,0,0.0
156,415,9.901666666666667,0,0.0
156,420,9.91,0,0.0
156,425,9.945833333333333,0,0.0
156,430,9.981666666666667,0,0.0
156,435,10.0175,0,0.0
156,440,10.053333333333333,0,0.0
156,445,10.089166666666667,0,0.0
156,450,10.125,0,0.0
156,455,10.160833333333333,0,0.0
156,460,10.196666666666667,0,0.0
156,465,10.2325,0,16.605913959373133
156,470,10.268333333333333,0,20.598790907553614
156,475,10.304166666666667,0,28.16705256437584
156,480,10.34,0,40.969334778993243
156,485,10.394166666666667,0,57.732198294284345
156,490,10.448333333333334,0,77.162272259354751
156,495,10.5025,0,98.088617767904324
156,500,10.556666666666667,0,119.65922708220717
156,505,10.610833333333334,0,141.30716425663135
156,510,10.665,0,162.67597918253759
156,515,10.719166666666666,0,183.55118540876055
156,520,10.773333333333333,0,203.80946299885693
156,525,10.8275,0,223.38437776826223
156,530,10.881666666666668,0,242.24421307891768
156,535,10.935833333333333,0,260.37804141193226
156,540,10.99,0,277.78703878419594
156,545,11.0625,0,292.21127130140314
156,550,11.135,0,305.64681729856142
156,555,11.2075,0,318.11640108461739
156,560,11.28,0,329.64310182694123
156,565,11.3525,0,340.24969228221363
156,570,11.425,0,349.95833402408857
156,575,11.4975,0,358.79042846344441
156,580,11.57,0,366.76661331455557
156,585,11.6425,0,373.9067890710316
156,590,11.715,0,380.23020754961448
156,595,11.7875,0,385.75555516382252
156,600,11.86,0,390.50104118477458
156,605,11.938333333333333,0,392.60324557228603
156,610,12.016666666666666,0,393.85629160908786
156,615,12.094999999999999,0,394.28208388695418
156,620,12.173333333333334,0,393.90239321659709
156,625,12.251666666666667,0,392.73893277278916
156,630,12.33,0,390.81340403952419
156,635,12.408333333333333,0,388.1475537137552
156,640,12.486666666666666,0,384.76321043136807
156,645,12.565000000000001,0,380.6823160726529
156,650,12.643333333333334,0,375.92696075934037
156,655,12.721666666666668,0,370.51939796544065
156,660,12.8,0,364.48206965652247
156,665,12.887500000000001,0,361.44746009758234
156,670,12.975000000000001,0,357.92887186340863
156,675,13.0625,0,353.94200641583018
156,680,13.15,0,349.502730933387
156,685,13.2375,0,344.62707954962616
156,690,13.325,0,339.33125359194077
156,695,13.4125,0,333.63162515599373
156,700,13.5,0,327.54473178120554
156,705,13.5875,0,321.08727727050552
156,710,13.675,0,314.27612461625216
156,715,13.7625,0,307.12829404461229
156,720,13.85,0,299.66095465559914
156,725,13.9525,0,300.43475222273759
156,730,14.055,0,301.00779209330068
156,735,14.157499999999999,0,301.38128477506973
156,740,14.26,0,301.55651071024886
156,745,14.3625,0,301.53481923553517
156,750,14.465,0,301.31762984238804
156,755,14.567499999999999,0,300.90643109496671
156,760,14.67,0,300.30278104325117
156,765,14.7725,0,299.50830614486284
156,770,14.875,0,298.52470089742951
156,775,14.9775,0,297.35372668691048
156,780,15.08,0,295.99721091245527
156,785,15.170833333333334,0,295.37128988763448
156,790,15.261666666666667,0,294.55864379660733
156,795,15.352500000000001,0,293.5595579195566
156,800,15.443333333333333,0,292.37438212967169
156,805,15.534166666666668,0,291.00352882542501
156,810,15.625,0,289.44747299920618
156,815,15.715833333333334,0,287.70674959178444
156,820,15.806666666666668,0,285.78195227886084
156,825,15.8975,0,283.67373245885972
156,830,15.988333333333335,0,281.38279521171449
156,835,16.07916666666667,0,278.90989910490418
156,840,16.17,0,276.25585096139241
156,845,16.205000000000002,0,275.53726704178609
156,850,16.240000000000002,0,274.59264042945119
156,855,16.275000000000002,0,273.41876481022513
156,860,16.310000000000002,0,272.0124973053052
156,865,16.345000000000002,0,270.37075582195592
156,870,16.380000000000003,0,268.49051607386679
156,875,16.415,0,266.36880255245097
156,880,16.45,0,264.00268613006159
156,885,16.485,0,261.38927192923586
156,890,16.52,0,258.52569487821779
156,895,16.555,0,255.40910430322026
156,900,16.59,0,252.03665678185229
156,905,16.53333333333333,0,253.64498604624623
156,910,16.476666666666667,0,254.7554922972779
156,915,16.42,0,255.35366086794843
156,920,16.363333333333333,0,255.42498091824578
156,925,16.306666666666665,0,254.95491659009801
156,930,16.25,0,253.9288588256384
156,935,16.193333333333335,0,252.33208544363927
156,940,16.136666666666667,0,250.14969970784901
156,945,16.08,0,247.36657874627551
156,950,16.023333333333333,0,243.96730092813601
156,955,15.966666666666667,0,239.93608005400085
156,960,15.91,0,235.25670046206147
156,965,15.7875,0,231.57821233660798
156,970,15.665,0,227.06447545926414
156,975,15.5425,0,221.69220066185318
156,980,15.42,0,215.43753324956097
156,985,15.2975,0,208.27620311044083
156,990,15.175,0,200.18390582259525
156,995,15.0525,0,191.13700537854209
156,1000,14.93,0,181.1138269494125
156,1005,14.8075,0,170.09689544916603
156,1010,14.684999999999999,0,158.07669907840801
156,1015,14.5625,0,145.05799539639742
156,1020,14.44,0,131.07013321245364
156,1025,14.306666666666667,0,115.64641438199412
156,1030,14.173333333333332,0,99.626602760778624
156,1035,14.04,0,83.255022450124557
156,1040,13.906666666666666,0,66.935833796808225
156,1045,13.773333333333333,0,51.300304897835296
156,1050,13.64,0,37.259434341265312
156,1055,13.506666666666666,0,25.96814995112998
156,1060,13.373333333333333,0,18.573557896124377
156,1065,13.24,0,15.211673442499491
156,1070,13.106666666666666,0,0.0
156,1075,12.973333333333333,0,0.0
156,1080,12.84,0,0.0
156,1085,12.733333333333333,0,0.0
156,1090,12.626666666666667,0,0.0
156,1095,12.52,0,0.0
156,1100,12.413333333333334,0,0.0
156,1105,12.306666666666667,0,0.0
156,1110,12.2,0,0.0
156,1115,12.093333333333334,0,0.0
156,1120,11.986666666666666,0,0.0
156,1125,11.88,0,0.0
156,1130,11.773333333333333,0,0.0
156,1135,11.666666666666668,0,0.0
156,1140,11.56,0,0.0
156,1145,11.483333333333334,0,0.0
156,1150,11.406666666666666,0,0.0
156,1155,11.33,0,0.0
156,1160,11.253333333333334,0,0.0
156,1165,11.176666666666668,0,0.0
156,1170,11.100000000000001,0,0.0
156,1175,11.023333333333333,0,0.0
156,1180,10.946666666666667,0,0.0
156,1185,10.870000000000001,0,0.0
156,1190,10.793333333333333,0,0.0
156,1195,10.716666666666667,0,0.0
156,1200,10.64,0,0.0
156,1205,10.595,0,0.0
156,1210,10.55,0,0.0
156,1215,10.505,0,0.0
156,1220,10.46,0,0.0
156,1225,10.415000000000001,0,0.0
156,1230,10.370000000000001,0,0.0
156,1235,10.325,0,0.0
156,1240,10.28,0,0.0
156,1245,10.235,0,0.0
156,1250,10.19,0,0.0
156,1255,10.145,0,0.0
156,1260,10.1,0,0.0
156,1265,10.075833333333334,0,0.0
156,1270,10.051666666666666,0,0.0
156,1275,10.0275,0,0.0
156,1280,10.003333333333334,0,0.0
156,1285,9.979166666666666,0,0.0
156,1290,9.955,0,0.0
156,1295,9.930833333333334,0,0.0
156,1300,9.906666666666666,0,0.0
156,1305,9.8825,0,0.0
156,1310,9.858333333333334,0,0.0
156,1315,9.834166666666667,0,0.0
156,1320,9.81,0,0.0
156,1325,9.783333333333333,0,0.0
156,1330,9.756666666666668,0,0.0
156,1335,9.73,0,0.0
156,1340,9.703333333333333,0,0.0
156,1345,9.676666666666668,0,0.0
156,1350,9.65,0,0.0
156,1355,9.623333333333333,0,0.0
156,1360,9.596666666666668,0,0.0
156,1365,9.57,0,0.0
156,1370,9.543333333333333,0,0.0
156,1375,9.516666666666667,0,0.0
156,1380,9.49,0,0.0
156,1385,9.4425,0,0.0
156,1390,9.395,0,0.0
156,1395,9.3475,0,0.0
156,1400,9.3,0,0.0
156,1405,9.2525,0,0.0
156,1410,9.205,0,0.0
156,1415,9.1575,0,0.0
156,1420,9.11,0,0.0
156,1425,9.0625,0,0.0
156,1430,9.015,0,0.0
156,1435,8.9675,0,0.0
157,0,8.92,1,0.0
157,5,8.8575,1,0.0
157,10,8.795,1,0.0
157,15,8.7325,1,0.0
157,20,8.67,1,0.0
157,25,8.6075,1,0.0
157,30,8.545,1,0.0
157,35,8.4825,1,0.0
157,40,8.42,1,0.0
157,45,8.3575,1,0.0
157,50,8.295,1,0.0
157,55,8.2325,1,0.0
157,60,8.17,1,0.0
157,65,8.095,1,0.0
157,70,8.02,1,0.0
157,75,7.945,1,0.0
157,80,7.87,1,0.0
157,85,7.795,1,0.0
157,90,7.72,1,0.0
157,95,7.645,1,0.0
157,100,7.569999999999999,1,0.0
157,105,7.494999999999999,1,0.0
157,110,7.42,1,0.0
157,115,7.345,1,0.0
157,120,7.27,1,0.0
157,125,7.208333333333333,1,0.0
157,130,7.1466666666666665,1,0.0
157,135,7.085,1,0.0
157,140,7.023333333333333,1,0.0
157,145,6.961666666666667,1,0.0
157,150,6.9,1,0.0
157,155,6.838333333333333,1,0.0
157,160,6.776666666666666,1,0.0
157,165,6.715,1,0.0
157,170,6.653333333333333,1,0.0
157,175,6.591666666666667,1,0.0
157,180,6.53,1,0.0
157,185,6.501666666666667,1,0.0
157,190,6.473333333333334,1,0.0
157,195,6.445,1,0.0
157,200,6.416666666666667,1,0.0
157,205,6.388333333333334,1,0.0
157,210,6.36,1,0.0
157,215,6.331666666666667,1,0.0
157,220,6.303333333333334,1,0.0
157,225,6.275,1,0.0
157,230,6.246666666666667,1,0.0
157,235,6.218333333333334,1,0.0
157,240,6.19,1,0.0
157,245,6.180000000000001,1,0.0
157,250,6.17,1,0.0
157,255,6.16,1,0.0
157,260,6.15,1,0.0
157,265,6.140000000000001,1,0.0
157,270,6.130000000000001,1,0.0
157,275,6.12,1,0.0
157,280,6.11,1,0.0
157,285,6.1000000000000005,1,0.0
157,290,6.09,1,0.0
157,295,6.08,1,0.0
157,300,6.07,1,0.0
157,305,6.069166666666667,1,0.0
157,310,6.068333333333333,1,0.0
157,315,6.0675,1,0.0
157,320,6.066666666666666,1,0.0
157,325,6.065833333333333,1,0.0
157,330,6.0649999999999995,1,0.0
157,335,6.064166666666667,1,0.0
157,340,6.0633333333333335,1,0.0
157,345,6.0625,1,0.0
157,350,6.0616666666666665,1,0.0
157,355,6.060833333333333,1,0.0
157,360,6.06,1,0.0
157,365,6.069999999999999,1,0.0
157,370,6.08,1,0.0
157,375,6.09,1,0.0
157,380,6.1,1,0.0
157,385,6.109999999999999,1,0.0
157,390,6.119999999999999,1,0.0
157,395,6.13,1,0.0
157,400,6.14,1,0.0
157,405,6.1499999999999995,1,0.0
157,410,6.16,1,0.0
157,415,6.17,1,0.0
157,420,6.18,1,0.0
157,425,6.204166666666667,1,0.0
157,430,6.2283333333333335,1,0.0
157,435,6.2524999999999995,1,0.0
157,440,6.276666666666666,1,0.0
157,445,6.300833333333333,1,0.0
157,450,6.324999999999999,1,0.0
157,455,6.349166666666666,1,0.0
157,460,6.373333333333333,1,0.0
157,465,6.3975,1,16.806770722368562
157,470,6.421666666666667,1,21.596858513702777
157,475,6.445833333333333,1,29.244576624806626
157,480,6.47,1,42.663426160562587
157,485,6.5375,1,60.800786949702683
157,490,6.6049999999999995,1,82.246731724638408
157,495,6.672499999999999,1,105.75060621128763
157,500,6.74,1,130.37786714153646
157,505,6.8075,1,155.49279519066727
157,510,6.875,1,180.68640552287502
157,515,6.9425,1,205.70532052878639
157,520,7.01,1,230.39743818615671
157,525,7.077500000000001,1,254.67461481946202
157,530,7.1450000000000005,1,278.48822154052095
157,535,7.2125,1,301.81361993980113
157,540,7.28,1,324.64037812178441
157,545,7.434166666666667,1,346.96622785295216
157,550,7.588333333333334,1,368.79331779850975
157,555,7.742500000000001,1,390.12592685050322
157,560,7.896666666666667,1,410.96911791371269
157,565,8.050833333333333,1,431.32791680019665
157,570,8.205,1,451.20688941116748
157,575,8.359166666666667,1,470.60989259886435
157,580,8.513333333333334,1,489.54000118330731
157,585,8.6675,1,507.99947242555697
157,590,8.821666666666667,1,525.98979536558136
157,595,8.975833333333334,1,543.51173951391672
157,600,9.13,1,560.56541689239009
157,605,9.343333333333334,1,577.15037143090422
157,610,9.556666666666667,1,593.26563335668379
157,615,9.77,1,608.90980656215845
157,620,9.983333333333334,1,624.08111635689215
157,625,10.196666666666667,1,638.77748612514733
157,630,10.41,1,652.99657560335686
157,635,10.623333333333333,1,666.73584419684607
157,640,10.836666666666666,1,679.9925892312101
157,645,11.05,1,692.76398082443086
157,650,11.263333333333334,1,705.0471099122949
157,655,11.476666666666667,1,716.83900658349842
157,660,11.69,1,728.13668186617349
157,665,11.888333333333334,1,738.9371406839831
157,670,12.086666666666666,1,749.2374168707878
157,675,12.285,1,759.03458206191533
157,680,12.483333333333333,1,768.32577385033244
157,685,12.681666666666667,1,777.10820772675856
157,690,12.879999999999999,1,785.3791885150514
157,695,13.078333333333333,1,793.13613156148483
157,700,13.276666666666667,1,800.37656558756942
157,705,13.475,1,807.09815148271423
157,710,13.673333333333334,1,813.29868387486613
157,715,13.871666666666666,1,818.97610664953868
157,720,14.07,1,824.12851366758173
157,725,14.229166666666668,1,828.75416078032981
157,730,14.388333333333334,1,832.85146894474963
157,735,14.5475,1,836.4190278762627
157,740,14.706666666666667,1,839.45560401744683
157,745,14.865833333333335,1,841.96014036870758
157,750,15.025,1,843.93176279696127
157,755,15.184166666666666,1,845.36977982268922
157,760,15.343333333333334,1,846.27368665418192
157,765,15.502500000000001,1,846.64316502774329
157,770,15.661666666666667,1,846.47808509407923
157,775,15.820833333333333,1,845.77850507496316
157,780,15.98,1,844.54467169722807
157,785,16.09916666666667,1,842.77701867253131
157,790,16.218333333333334,1,840.47616681580155
157,795,16.3375,1,837.64292041232204
157,800,16.456666666666667,1,834.27826740141825
157,805,16.575833333333335,1,830.38337348373011
157,810,16.695,1,825.95958228106247
157,815,16.814166666666665,1,821.00840777916778
157,820,16.933333333333334,1,815.53153082943561
157,825,17.052500000000002,1,809.530796205255
157,830,17.171666666666667,1,803.00820105962964
157,835,17.29083333333333,1,795.96589427882111
157,840,17.41,1,788.40616151367715
157,845,17.445,1,780.33142375417879
157,850,17.48,1,771.74421914598815
157,855,17.515,1,762.64720036721894
157,860,17.55,1,753.0431141117823
157,865,17.585,1,742.93479011969828
157,870,17.619999999999997,1,732.32512976820374
157,875,17.654999999999998,1,721.21707877546874
157,880,17.689999999999998,1,709.61361886560121
157,885,17.724999999999998,1,697.51773380867212
157,890,17.759999999999998,1,684.93239721992927
157,895,17.794999999999998,1,671.86053201763275
157,900,17.83,1,658.30499310036919
157,905,17.717499999999998,1,642.52362687466177
157,910,17.604999999999997,1,626.34254138798178
157,915,17.4925,1,609.76801098196563
157,920,17.38,1,592.80604025164803
157,925,17.2675,1,575.46233113140374
157,930,17.155,1,557.74221318754678
157,935,17.0425,1,539.65060296498734
157,940,16.93,1,521.19192535265438
157,945,16.8175,1,502.37006745880348
157,950,16.705,1,483.18829842646454
157,955,16.5925,1,463.64921494864245
157,960,16.48,1,443.75469735686471
157,965,16.300833333333333,1,423.03031971055731
157,970,16.121666666666666,1,401.99571881414391
157,975,15.9425,1,380.65214586659266
157,980,15.763333333333334,1,359.00037235932734
157,985,15.584166666666667,1,337.04101213820843
157,990,15.405000000000001,1,314.77515729900279
157,995,15.225833333333334,1,292.20540676839857
157,1000,15.046666666666667,1,269.33761362405107
157,1005,14.8675,1,246.18373442300179
157,1010,14.688333333333333,1,222.7663987674774
157,1015,14.509166666666667,1,199.12629250388528
157,1020,14.33,1,175.33383683171189
157,1025,14.175833333333333,1,151.50760142836535
157,1030,14.021666666666667,1,127.84256783746771
157,1035,13.8675,1,104.65195591679939
157,1040,13.713333333333333,1,82.424163785530368
157,1045,13.559166666666666,1,61.88725723044481
157,1050,13.405000000000001,1,44.047078000057674
157,1055,13.250833333333334,1,30.114637684716659
157,1060,13.096666666666668,1,21.189552422769939
157,1065,12.9425,1,17.079094610049648
157,1070,12.788333333333334,1,0.0
157,1075,12.634166666666667,1,0.0
157,1080,12.48,1,0.0
157,1085,12.408333333333333,1,0.0
157,1090,12.336666666666666,1,0.0
157,1095,12.265,1,0.0
157,1100,12.193333333333333,1,0.0
157,1105,12.121666666666666,1,0.0
157,1110,12.05,1,0.0
157,1115,11.978333333333333,1,0.0
157,1120,11.906666666666666,1,0.0
157,1125,11.834999999999999,1,0.0
157,1130,11.763333333333332,1,0.0
157,1135,11.691666666666666,1,0.0
157,1140,11.62,1,0.0
157,1145,11.610833333333332,1,0.0
157,1150,11.601666666666667,1,0.0
157,1155,11.5925,1,0.0
157,1160,11.583333333333332,1,0.0
157,1165,11.574166666666667,1,0.0
157,1170,11.565,1,0.0
157,1175,11.555833333333332,1,0.0
157,1180,11.546666666666667,1,0.0
157,1185,11.5375,1,0.0
157,1190,11.528333333333332,1,0.0
157,1195,11.519166666666667,1,0.0
157,1200,11.51,1,0.0
157,1205,11.4825,1,0.0
157,1210,11.455,1,0.0
157,1215,11.4275,1,0.0
157,1220,11.4,1,0.0
157,1225,11.3725,1,0.0
157,1230,11.344999999999999,1,0.0
157,1235,11.317499999999999,1,0.0
157,1240,11.29,1,0.0
157,1245,11.2625,1,0.0
157,1250,11.235,1,0.0
157,1255,11.2075,1,0.0
157,1260,11.18,1,0.0
157,1265,11.1425,1,0.0
157,1270,11.105,1,0.0
157,1275,11.067499999999999,1,0.0
157,1280,11.03,1,0.0
157,1285,10.9925,1,0.0
157,1290,10.955,1,0.0
157,1295,10.9175,1,0.0
157,1300,10.88,1,0.0
157,1305,10.842500000000001,1,0.0
157,1310,10.805,1,0.0
157,1315,10.7675,1,0.0
157,1320,10.73,1,0.0
157,1325,10.695833333333333,1,0.0
157,1330,10.661666666666667,1,0.0
157,1335,10.627500000000001,1,0.0
157,1340,10.593333333333334,1,0.0
157,1345,10.559166666666666,1,0.0
157,1350,10.525,1,0.0
157,1355,10.490833333333335,1,0.0
157,1360,10.456666666666667,1,0.0
157,1365,10.4225,1,0.0
157,1370,10.388333333333334,1,0.0
157,1375,10.354166666666668,1,0.0
157,1380,10.32,1,0.0
157,1385,10.324166666666667,1,0.0
157,1390,10.328333333333333,1,0.0
157,1395,10.3325,1,0.0
157,1400,10.336666666666666,1,0.0
157,1405,10.340833333333332,1,0.0
157,1410,10.344999999999999,1,0.0
157,1415,10.349166666666667,1,0.0
157,1420,10.353333333333333,1,0.0
157,1425,10.3575,1,0.0
157,1430,10.361666666666666,1,0.0
157,1435,10.365833333333333,1,0.0
158,0,10.37,2,0.0
158,5,10.338333333333333,2,0.0
158,10,10.306666666666667,2,0.0
158,15,10.274999999999999,2,0.0
158,20,10.243333333333332,2,0.0
158,25,10.211666666666666,2,0.0
158,30,10.18,2,0.0
158,35,10.148333333333333,2,0.0
158,40,10.116666666666667,2,0.0
158,45,10.085,2,0.0
158,50,10.053333333333333,2,0.0
158,55,10.021666666666667,2,0.0
158,60,9.99,2,0.0
158,65,9.9525,2,0.0
158,70,9.915,2,0.0
158,75,9.8775,2,0.0
158,80,9.84,2,0.0
158,85,9.8025,2,0.0
158,90,9.765,2,0.0
158,95,9.7275,2,0.0
158,100,9.69,2,0.0
158,105,9.6525,2,0.0
158,110,9.614999999999998,2,0.0
158,115,9.577499999999999,2,0.0
158,120,9.54,2,0.0
158,125,9.51,2,0.0
158,130,9.479999999999999,2,0.0
158,135,9.45,2,0.0
158,140,9.42,2,0.0
158,145,9.389999999999999,2,0.0
158,150,9.36,2,0.0
158,155,9.33,2,0.0
158,160,9.299999999999999,2,0.0
158,165,9.27,2,0.0
158,170,9.24,2,0.0
158,175,9.209999999999999,2,0.0
158,180,9.18,2,0.0
158,185,9.163333333333334,2,0.0
158,190,9.146666666666667,2,0.0
158,195,9.129999999999999,2,0.0
158,200,9.113333333333333,2,0.0
158,205,9.096666666666668,2,0.0
158,210,9.08,2,0.0
158,215,9.063333333333333,2,0.0
158,220,9.046666666666667,2,0.0
158,225,9.030000000000001,2,0.0
158,230,9.013333333333334,2,0.0
158,235,8.996666666666666,2,0.0
158,240,8.98,2,0.0
158,245,8.970833333333333,2,0.0
158,250,8.961666666666666,2,0.0
158,255,8.9525,2,0.0
158,260,8.943333333333333,2,0.0
158,265,8.934166666666666,2,0.0
158,270,8.925,2,0.0
158,275,8.915833333333333,2,0.0
158,280,8.906666666666666,2,0.0
158,285,8.897499999999999,2,0.0
158,290,8.888333333333332,2,0.0
158,295,8.879166666666666,2,0.0
158,300,8.87,2,0.0
158,305,8.873333333333333,2,0.0
158,310,8.876666666666665,2,0.0
158,315,8.879999999999999,2,0.0
158,320,8.883333333333333,2,0.0
158,325,8.886666666666667,2,0.0
158,330,8.89,2,0.0
158,335,8.893333333333333,2,0.0
158,340,8.896666666666667,2,0.0
158,345,8.9,2,0.0
158,350,8.903333333333332,2,0.0
158,355,8.906666666666666,2,0.0
158,360,8.91,2,0.0
158,365,8.935,2,0.0
158,370,8.96,2,0.0
158,375,8.985,2,0.0
158,380,9.01,2,0.0
158,385,9.035,2,0.0
158,390,9.06,2,0.0
158,395,9.085,2,0.0
158,400,9.110000000000001,2,0.0
158,405,9.135000000000002,2,0.0
158,410,9.16,2,0.0
158,415,9.185,2,0.0
158,420,9.21,2,0.0
158,425,9.249166666666667,2,0.0
158,430,9.288333333333334,2,0.0
158,435,9.3275,2,0.0
158,440,9.366666666666667,2,0.0
158,445,9.405833333333334,2,0.0
158,450,9.445,2,0.0
158,455,9.484166666666667,2,0.0
158,460,9.523333333333333,2,0.0
158,465,9.5625,2,5.6490709057706114
158,470,9.601666666666667,2,7.712997081295903
158,475,9.640833333333333,2,10.293948972664941
158,480,9.68,2,14.987382329420051
158,485,9.745,2,21.44167573159341
158,490,9.81,2,29.144486612989294
158,495,9.875,2,37.63138241988414
158,500,9.94,2,46.551437784089714
158,505,10.005,2,55.664484966970697
158,510,10.07,2,64.815484619561232
158,515,10.135,2,73.908184829454243
158,520,10.200000000000001,2,82.884717248777719
158,525,10.265,2,91.711494802640829
158,530,10.33,2,100.36994768335521
158,535,10.395000000000001,2,108.85063094470907
158,540,10.46,2,117.14950943682811
158,545,10.575000000000001,2,125.07874143547203
158,550,10.690000000000001,2,132.80233903391903
158,555,10.805,2,140.32270205357005
158,560,10.92,2,147.64252915190175
158,565,11.035,2,154.76450566220115
158,570,11.15,2,161.69114326639206
158,575,11.265,2,168.42468700645483
158,580,11.38,2,174.96708849879482
158,585,11.495000000000001,2,181.31999411063927
158,590,11.61,2,187.48476440182671
158,595,11.725,2,193.46249362338835
158,600,11.84,2,199.25403407012857
158,605,11.994166666666667,2,205.17176841478027
158,610,12.148333333333333,2,210.92188959285332
158,615,12.3025,2,216.5039355182781
158,620,12.456666666666667,2,221.91730525521839
158,625,12.610833333333334,2,227.16128675290409
158,630,12.765,2,232.23507085383207
158,635,12.919166666666666,2,237.13777420327426
158,640,13.073333333333332,2,241.86845318174949
158,645,13.2275,2,246.42611659833645
158,650,13.381666666666666,2,250.80974305755768
158,655,13.535833333333333,2,255.01828768970765
158,660,13.69,2,259.05069723608898
158,665,13.84,2,262.50645516831679
158,670,13.99,2,265.77279968876593
158,675,14.14,2,268.84951243284513
158,680,14.29,2,271.7364036520147
158,685,14.44,2,274.43331636323239
158,690,14.59,2,276.94013026736093
158,695,14.74,2,279.25676906711453
158,700,14.89,2,281.38320123849803
158,705,15.04,2,283.3194464012268
158,710,15.19,2,285.06557556266898
158,715,15.34,2,286.6217162516084
158,720,15.49,2,287.98805240368222
158,725,15.618333333333334,2,289.61303885397581
158,730,15.746666666666666,2,291.0532277795574
158,735,15.875,2,292.3081257849588
158,740,16.003333333333334,2,293.37730092776962
158,745,16.131666666666668,2,294.26038267414629
158,750,16.26,2,294.95706413239913
158,755,16.388333333333335,2,295.46710198783569
158,760,16.516666666666666,2,295.79031793593629
158,765,16.645,2,295.92659863121281
158,770,16.773333333333333,2,295.87589636398172
158,775,16.901666666666667,2,295.63822894577135
158,780,17.03,2,295.21367986482181
158,785,17.131666666666668,2,294.60239776564532
158,790,17.233333333333334,2,293.80459648589789
158,795,17.335,2,292.8205537943777
158,800,17.436666666666667,2,291.65061144720511
158,805,17.538333333333334,2,290.29517313177951
158,810,17.64,2,288.754704510983
158,815,17.741666666666667,2,287.02973058009297
158,820,17.843333333333334,2,285.1208344319993
158,825,17.945,2,283.0286562151307
158,830,18.046666666666667,2,280.7538890863085
158,835,18.148333333333333,2,278.2972789654159
158,840,18.25,2,275.65961928887197
158,845,18.295,2,272.84175047731458
158,850,18.34,2,269.84455356025279
158,855,18.384999999999998,2,266.66894922107008
158,860,18.43,2,263.31589059225331
158,865,18.475,2,259.78635937607737
158,870,18.52,2,256.08136180593408
158,875,18.564999999999998,2,252.20191905167667
158,880,18.61,2,248.14906423717807
158,885,18.655,2,243.92383049875306
158,890,18.7,2,239.5272466313321
158,895,18.744999999999997,2,234.96032282175088
158,900,18.79,2,230.2240444779184
158,905,18.751666666666665,2,225.31935582593448
158,910,18.71333333333333,2,220.24714804837532
158,915,18.674999999999997,2,215.00824626212113
158,920,18.636666666666667,2,209.60338783136291
158,925,18.598333333333333,2,204.03320929643678
158,930,18.56,2,198.29821998682357
158,935,18.521666666666665,2,192.39878551556382
158,940,18.48333333333333,2,186.33509739571983
158,945,18.445,2,180.10715376284475
158,950,18.406666666666666,2,173.71472750205683
158,955,18.368333333333332,2,167.15734307115511
158,960,18.33,2,160.43425673702103
158,965,18.244166666666665,2,153.54443467959607
158,970,18.15833333333333,2,146.48655750936896
158,975,18.072499999999998,2,139.25903307996765
158,980,17.986666666666665,2,131.86006299957424
158,985,17.90083333333333,2,124.28775776320076
158,990,17.814999999999998,2,116.5403716806391
158,995,17.729166666666668,2,108.61669089209799
158,1000,17.643333333333334,2,100.51670150567165
158,1005,17.5575,2,92.242691101933275
158,1010,17.471666666666668,2,83.801031282256034
158,1015,17.385833333333334,2,75.20507817238213
158,1020,17.3,2,66.479792036329783
158,1025,17.215,2,57.669063784677249
158,1030,17.130000000000003,2,48.847030277993795
158,1035,17.045,2,40.13492743326568
158,1040,16.96,2,31.72422178773834
158,1045,16.875,2,23.903175092743513
158,1050,16.79,2,17.073471313100246
158,1055,16.705000000000002,2,11.723213682827865
158,1060,16.62,2,8.3022193720527717
158,1065,16.535,2,6.7345750071922303
158,1070,16.450000000000003,2,0.0
158,1075,16.365000000000002,2,0.0
158,1080,16.28,2,0.0
158,1085,16.214166666666667,2,0.0
158,1090,16.148333333333333,2,0.0
158,1095,16.0825,2,0.0
158,1100,16.016666666666666,2,0.0
158,1105,15.950833333333334,2,0.0
158,1110,15.885000000000002,2,0.0
158,1115,15.819166666666668,2,0.0
158,1120,15.753333333333334,2,0.0
158,1125,15.6875,2,0.0
158,1130,15.621666666666666,2,0.0
158,1135,15.555833333333334,2,0.0
158,1140,15.49,2,0.0
158,1145,15.433333333333334,2,0.0
158,1150,15.376666666666667,2,0.0
158,1155,15.32,2,0.0
158,1160,15.263333333333334,2,0.0
158,1165,15.206666666666667,2,0.0
158,1170,15.15,2,0.0
158,1175,15.093333333333334,2,0.0
158,1180,15.036666666666667,2,0.0
158,1185,14.98,2,0.0
158,1190,14.923333333333334,2,0.0
158,1195,14.866666666666667,2,0.0
158,1200,14.81,2,0.0
158,1205,14.761666666666667,2,0.0
158,1210,14.713333333333335,2,0.0
158,1215,14.665000000000001,2,0.0
158,1220,14.616666666666667,2,0.0
158,1225,14.568333333333333,2,0.0
158,1230,14.52,2,0.0
158,1235,14.471666666666668,2,0.0
158,1240,14.423333333333334,2,0.0
158,1245,14.375,2,0.0
158,1250,14.326666666666668,2,0.0
158,1255,14.278333333333334,2,0.0
158,1260,14.23,2,0.0
158,1265,14.193333333333333,2,0.0
158,1270,14.156666666666666,2,0.0
158,1275,14.120000000000001,2,0.0
158,1280,14.083333333333334,2,0.0
158,1285,14.046666666666667,2,0.0
158,1290,14.01,2,0.0
158,1295,13.973333333333333,2,0.0
158,1300,13.936666666666666,2,0.0
158,1305,13.899999999999999,2,0.0
158,1310,13.863333333333333,2,0.0
158,1315,13.826666666666666,2,0.0
158,1320,13.79,2,0.0
158,1325,13.7625,2,0.0
158,1330,13.735,2,0.0
158,1335,13.7075,2,0.0
158,1340,13.68,2,0.0
158,1345,13.6525,2,0.0
158,1350,13.625,2,0.0
158,1355,13.5975,2,0.0
158,1360,13.57,2,0.0
158,1365,13.5425,2,0.0
158,1370,13.515,2,0.0
158,1375,13.4875,2,0.0
158,1380,13.46,2,0.0
158,1385,13.478333333333333,2,0.0
158,1390,13.496666666666668,2,0.0
158,1395,13.515,2,0.0
158,1400,13.533333333333333,2,0.0
158,1405,13.551666666666668,2,0.0
158,1410,13.57,2,0.0
158,1415,13.588333333333333,2,0.0
158,1420,13.606666666666667,2,0.0
158,1425,13.625,2,0.0
158,1430,13.643333333333333,2,0.0
158,1435,13.661666666666667,2,0.0
159,0,13.68,3,0.0
159,5,13.643333333333333,3,0.0
159,10,13.606666666666666,3,0.0
159,15,13.57,3,0.0
159,20,13.533333333333333,3,0.0
159,25,13.496666666666666,3,0.0
159,30,13.46,3,0.0
159,35,13.423333333333334,3,0.0
159,40,13.386666666666667,3,0.0
159,45,13.35,3,0.0
159,50,13.313333333333333,3,0.0
159,55,13.276666666666667,3,0.0
159,60,13.24,3,0.0
159,65,13.198333333333334,3,0.0
159,70,13.156666666666666,3,0.0
159,75,13.115,3,0.0
159,80,13.073333333333334,3,0.0
159,85,13.031666666666666,3,0.0
159,90,12.99,3,0.0
159,95,12.948333333333334,3,0.0
159,100,12.906666666666666,3,0.0
159,105,12.865,3,0.0
159,110,12.823333333333334,3,0.0
159,115,12.781666666666666,3,0.0
159,120,12.74,3,0.0
159,125,12.694166666666668,3,0.0
159,130,12.648333333333333,3,0.0
159,135,12.6025,3,0.0
159,140,12.556666666666667,3,0.0
159,145,12.510833333333334,3,0.0
159,150,12.465,3,0.0
159,155,12.419166666666666,3,0.0
159,160,12.373333333333333,3,0.0
159,165,12.3275,3,0.0
159,170,12.281666666666666,3,0.0
159,175,12.235833333333332,3,0.0
159,180,12.19,3,0.0
159,185,12.147499999999999,3,0.0
159,190,12.105,3,0.0
159,195,12.0625,3,0.0
159,200,12.02,3,0.0
159,205,11.9775,3,0.0
159,210,11.934999999999999,3,0.0
159,215,11.8925,3,0.0
159,220,11.85,3,0.0
159,225,11.8075,3,0.0
159,230,11.765,3,0.0
159,235,11.7225,3,0.0
159,240,11.68,3,0.0
159,245,11.641666666666666,3,0.0
159,250,11.603333333333333,3,0.0
159,255,11.565,3,0.0
159,260,11.526666666666667,3,0.0
159,265,11.488333333333333,3,0.0
159,270,11.45,3,0.0
159,275,11.411666666666667,3,0.0
159,280,11.373333333333333,3,0.0
159,285,11.335,3,0.0
159,290,11.296666666666667,3,0.0
159,295,11.258333333333335,3,0.0
159,300,11.22,3,0.0
159,305,11.194166666666668,3,0.0
159,310,11.168333333333333,3,0.0
159,315,11.1425,3,0.0
159,320,11.116666666666667,3,0.0
159,325,11.090833333333334,3,0.0
159,330,11.065000000000001,3,0.0
159,335,11.039166666666667,3,0.0
159,340,11.013333333333334,3,0.0
159,345,10.9875,3,0.0
159,350,10.961666666666666,3,0.0
159,355,10.935833333333333,3,0.0
159,360,10.91,3,0.0
159,365,10.898333333333333,3,0.0
159,370,10.886666666666667,3,0.0
159,375,10.875,3,0.0
159,380,10.863333333333333,3,0.0
159,385,10.851666666666667,3,0.0
159,390,10.84,3,0.0
159,395,10.828333333333333,3,0.0
159,400,10.816666666666666,3,0.0
159,405,10.805,3,0.0
159,410,10.793333333333333,3,0.0
159,415,10.781666666666666,3,0.0
159,420,10.77,3,0.0
159,425,10.7775,3,0.0
159,430,10.785,3,0.0
159,435,10.7925,3,0.0
159,440,10.799999999999999,3,0.0
159,445,10.8075,3,0.0
159,450,10.815,3,0.0
159,455,10.8225,3,0.0
159,460,10.83,3,0.0
159,465,10.837499999999999,3,5.3345715741954818
159,470,10.844999999999999,3,8.0817448175261735
159,475,10.8525,3,10.582653322132293
159,480,10.86,3,15.298368235151353
159,485,10.901666666666666,3,21.962602764525371
159,490,10.943333333333333,3,29.991611493578713
159,495,10.985,3,38.885750711303977
159,500,11.026666666666666,3,48.263192734203599
159,505,11.068333333333333,3,57.861008606677956
159,510,11.11,3,67.508878351707295
159,515,11.151666666666666,3,77.10084214717503
159,520,11.193333333333333,3,86.573098422651057
159,525,11.235,3,95.888560008150833
159,530,11.276666666666666,3,105.02667890343344
159,535,11.318333333333333,3,113.97696457987092
159,540,11.36,3,122.73489569990979
159,545,11.454166666666666,3,132.600944472234
159,550,11.548333333333332,3,142.44033297856797
159,555,11.6425,3,152.24909807430774
159,560,11.736666666666666,3,162.0237129738002
159,565,11.830833333333333,3,171.7607438482033
159,570,11.925,3,181.45666038055134
159,575,12.019166666666667,3,191.1077146971665
159,580,12.113333333333333,3,200.70989176137704
159,585,12.2075,3,210.25887638940725
159,590,12.301666666666666,3,219.75005684503134
159,595,12.395833333333334,3,229.17853027821369
159,600,12.49,3,238.53911559301108
159,605,12.6175,3,248.75904696956556
159,610,12.745000000000001,3,258.95245399677992
159,615,12.8725,3,269.11115620293828
159,620,13.0,3,279.22676722056593
159,625,13.1275,3,289.29071986171755
159,630,13.254999999999999,3,299.29427597038364
159,635,13.3825,3,309.22854918610659
159,640,13.51,3,319.08451790355275
159,645,13.6375,3,328.85303782884307
159,650,13.765,3,338.52486200634189
159,655,13.8925,3,348.09064784995024
159,660,14.02,3,357.54097635243915
159,665,14.135,3,367.26505932675286
159,670,14.25,3,376.86584303911047
159,675,14.365,3,386.33292162021257
159,680,14.48,3,395.65585158796011
159,685,14.595,3,404.82416015841437
159,690,14.71,3,413.82735369916691
159,695,14.825,3,422.65493181552625
159,700,14.94,3,431.2963922369392
159,705,15.055,3,439.74124454312937
159,710,15.17,3,447.97901500043929
159,715,15.285,3,455.99925927363842
159,720,15.4,3,463.79156729214225
159,725,15.488333333333333,3,471.34557461598746
159,730,15.576666666666668,3,478.65096907091367
159,735,15.665000000000001,3,485.69749780095771
159,740,15.753333333333334,3,492.4749770133123
159,745,15.841666666666667,3,498.9732971250707
159,750,15.93,3,505.18243183345515
159,755,16.018333333333334,3,511.09244340651895
159,760,16.10666666666667,3,516.69349061050127
159,765,16.195,3,521.9758341347972
159,770,16.283333333333335,3,526.92984333182278
159,775,16.371666666666666,3,531.54600158330777
159,780,16.46,3,535.81491214286541
159,785,16.515833333333333,3,539.72730277039352
159,790,16.571666666666665,3,543.27403131582969
159,795,16.6275,3,546.44608890688562
159,800,16.683333333333334,3,549.2346054604634
159,805,16.739166666666666,3,551.63085120946118
159,810,16.795,3,553.62624201626102
159,815,16.850833333333334,3,555.2123395135244
159,820,16.906666666666666,3,556.38085370220301
159,825,16.9625,3,557.1236457966487
159,830,17.01833333333333,3,557.43272501528941
159,835,17.074166666666667,3,557.30025252752978
159,840,17.13,3,556.71853529982968
159,845,17.145833333333332,3,555.68002898228576
159,850,17.161666666666665,3,554.17732875276238
159,855,17.1775,3,552.20317068493625
159,860,17.19333333333333,3,549.75042000339636
159,865,17.209166666666665,3,546.81206556208724
159,870,17.225,3,543.38121357595617
159,875,17.240833333333335,3,539.45106905459977
159,880,17.256666666666668,3,535.0149304676703
159,885,17.2725,3,530.06616463957857
159,890,17.288333333333334,3,524.59819698979697
159,895,17.304166666666667,3,518.60447944387249
159,900,17.32,3,512.07847483248304
159,905,17.255,3,505.71059494000718
159,910,17.19,3,498.76588882044842
159,915,17.125,3,491.23608968164245
159,920,17.06,3,483.1127903052145
159,925,16.995,3,474.38740322586693
159,930,16.93,3,465.05108803584574
159,935,16.865,3,455.09469874868853
159,940,16.8,3,444.50869596664188
159,945,16.735,3,433.28308193981786
159,950,16.669999999999998,3,421.40730261731227
159,955,16.605,3,408.87016694957589
159,960,16.54,3,395.65977165784579
159,965,16.412499999999998,3,381.52587813398554
159,970,16.285,3,366.71434287630569
159,975,16.1575,3,351.21162952897777
159,980,16.03,3,335.00354090992568
159,985,15.9025,3,318.07549382338851
159,990,15.774999999999999,3,300.41311688991817
159,995,15.647499999999999,3,282.00327466930975
159,1000,15.52,3,262.83587227289877
159,1005,15.3925,3,242.90688405631741
159,1010,15.265,3,222.22332557442604
159,1015,15.1375,3,200.81143401381414
159,1020,15.01,3,178.72983456637883
159,1025,14.865833333333333,3,155.82305387559617
159,1030,14.721666666666666,3,132.63901122566176
159,1035,14.5775,3,109.51033579632106
159,1040,14.433333333333334,3,86.970600590569632
159,1045,14.289166666666667,3,65.832865494431346
159,1050,14.145,3,47.242244297588037
159,1055,14.000833333333333,3,32.606663903440946
159,1060,13.856666666666666,3,23.248834342028754
159,1065,13.712499999999999,3,18.982939212946913
159,1070,13.568333333333333,3,0.0
159,1075,13.424166666666666,3,0.0
159,1080,13.28,3,0.0
159,1085,13.134166666666665,3,0.0
159,1090,12.988333333333333,3,0.0
159,1095,12.8425,3,0.0
159,1100,12.696666666666665,3,0.0
159,1105,12.550833333333333,3,0.0
159,1110,12.405,3,0.0
159,1115,12.259166666666665,3,0.0
159,1120,12.113333333333333,3,0.0
159,1125,11.9675,3,0.0
159,1130,11.821666666666665,3,0.0
159,1135,11.675833333333333,3,0.0
159,1140,11.53,3,0.0
159,1145,11.408333333333333,3,0.0
159,1150,11.286666666666665,3,0.0
159,1155,11.165,3,0.0
159,1160,11.043333333333333,3,0.0
159,1165,10.921666666666667,3,0.0
159,1170,10.8,3,0.0
159,1175,10.678333333333333,3,0.0
159,1180,10.556666666666667,3,0.0
159,1185,10.435,3,0.0
159,1190,10.313333333333333,3,0.0
159,1195,10.191666666666666,3,0.0
159,1200,10.07,3,0.0
159,1205,9.971666666666668,3,0.0
159,1210,9.873333333333333,3,0.0
159,1215,9.775,3,0.0
159,1220,9.676666666666668,3,0.0
159,1225,9.578333333333333,3,0.0
159,1230,9.48,3,0.0
159,1235,9.381666666666668,3,0.0
159,1240,9.283333333333333,3,0.0
159,1245,9.185,3,0.0
159,1250,9.086666666666668,3,0.0
159,1255,8.988333333333333,3,0.0
159,1260,8.89,3,0.0
159,1265,8.806666666666667,3,0.0
159,1270,8.723333333333334,3,0.0
159,1275,8.64,3,0.0
159,1280,8.556666666666667,3,0.0
159,1285,8.473333333333333,3,0.0
159,1290,8.39,3,0.0
159,1295,8.306666666666667,3,0.0
159,1300,8.223333333333333,3,0.0
159,1305,8.14,3,0.0
159,1310,8.056666666666667,3,0.0
159,1315,7.973333333333333,3,0.0
159,1320,7.89,3,0.0
159,1325,7.810833333333333,3,0.0
159,1330,7.7316666666666665,3,0.0
159,1335,7.6525,3,0.0
159,1340,7.573333333333333,3,0.0
159,1345,7.494166666666667,3,0.0
159,1350,7.415,3,0.0
159,1355,7.335833333333333,3,0.0
159,1360,7.256666666666667,3,0.0
159,1365,7.1775,3,0.0
159,1370,7.098333333333334,3,0.0
159,1375,7.019166666666667,3,0.0
159,1380,6.94,3,0.0
159,1385,6.94,3,0.0
159,1390,6.94,3,0.0
159,1395,6.94,3,0.0
159,1400,6.94,3,0.0
159,1405,6.94,3,0.0
159,1410,6.94,3,0.0
159,1415,6.94,3,0.0
159,1420,6.94,3,0.0
159,1425,6.94,3,0.0
159,1430,6.94,3,0.0
159,1435,6.94,3,0.0
160,0,6.94,4,0.0
