Fecha y Hora,Potencia generada(kW)
2017-06-02 00:00:00-03:00,0.0
2017-06-02 00:05:00-03:00,0.0
2017-06-02 00:10:00-03:00,0.0
2017-06-02 00:15:00-03:00,0.0
2017-06-02 00:20:00-03:00,0.0
2017-06-02 00:25:00-03:00,0.0
2017-06-02 00:30:00-03:00,0.0
2017-06-02 00:35:00-03:00,0.0
2017-06-02 00:40:00-03:00,0.0
2017-06-02 00:45:00-03:00,0.0
2017-06-02 00:50:00-03:00,0.0
2017-06-02 00:55:00-03:00,0.0
2017-06-02 01:00:00-03:00,0.0
2017-06-02 01:05:00-03:00,0.0
2017-06-02 01:10:00-03:00,0.0
2017-06-02 01:15:00-03:00,0.0
2017-06-02 01:20:00-03:00,0.0
2017-06-02 01:25:00-03:00,0.0
2017-06-02 01:30:00-03:00,0.0
2017-06-02 01:35:00-03:00,0.0
2017-06-02 01:40:00-03:00,0.0
2017-06-02 01:45:00-03:00,0.0
2017-06-02 01:50:00-03:00,0.0
2017-06-02 01:55:00-03:00,0.0
2017-06-02 02:00:00-03:00,0.0
2017-06-02 02:05:00-03:00,0.0
2017-06-02 02:10:00-03:00,0.0
2017-06-02 02:15:00-03:00,0.0
2017-06-02 02:20:00-03:00,0.0
2017-06-02 02:25:00-03:00,0.0
2017-06-02 02:30:00-03:00,0.0
2017-06-02 02:35:00-03:00,0.0
2017-06-02 02:40:00-03:00,0.0
2017-06-02 02:45:00-03:00,0.0
2017-06-02 02:50:00-03:00,0.0
2017-06-02 02:55:00-03:00,0.0
2017-06-02 03:00:00-03:00,0.0
2017-06-02 03:05:00-03:00,0.0
2017-06-02 03:10:00-03:00,0.0
2017-06-02 03:15:00-03:00,0.0
2017-06-02 03:20:00-03:00,0.0
2017-06-02 03:25:00-03:00,0.0
2017-06-02 03:30:00-03:00,0.0
2017-06-02 03:35:00-03:00,0.0
2017-06-02 03:40:00-03:00,0.0
2017-06-02 03:45:00-03:00,0.0
2017-06-02 03:50:00-03:00,0.0
2017-06-02 03:55:00-03:00,0.0
2017-06-02 04:00:00-03:00,0.0
2017-06-02 04:05:00-03:00,0.0
2017-06-02 04:10:00-03:00,0.0
2017-06-02 04:15:00-03:00,0.0
2017-06-02 04:20:00-03:00,0.0
2017-06-02 04:25:00-03:00,0.0
2017-06-02 04:30:00-03:00,0.0
2017-06-02 04:35:00-03:00,0.0
2017-06-02 04:40:00-03:00,0.0
2017-06-02 04:45:00-03:00,0.0
2017-06-02 04:50:00-03:00,0.0
2017-06-02 04:55:00-03:00,0.0
2017-06-02 05:00:00-03:00,0.0
2017-06-02 05:05:00-03:00,0.0
2017-06-02 05:10:00-03:00,0.0
2017-06-02 05:15:00-03:00,0.0
2017-06-02 05:20:00-03:00,0.0
2017-06-02 05:25:00-03:00,0.0
2017-06-02 05:30:00-03:00,0.0
2017-06-02 05:35:00-03:00,0.0
2017-06-02 05:40:00-03:00,0.0
2017-06-02 05:45:00-03:00,0.0
2017-06-02 05:50:00-03:00,0.0
2017-06-02 05:55:00-03:00,0.0
2017-06-02 06:00:00-03:00,0.0
2017-06-02 06:05:00-03:00,0.0
2017-06-02 06:10:00-03:00,0.0
2017-06-02 06:15:00-03:00,0.0
2017-06-02 06:20:00-03:00,0.0
2017-06-02 06:25:00-03:00,0.0
2017-06-02 06:30:00-03:00,0.0
2017-06-02 06:35:00-03:00,0.0
2017-06-02 06:40:00-03:00,0.0
2017-06-02 06:45:00-03:00,0.0
2017-06-02 06:50:00-03:00,0.0
2017-06-02 06:55:00-03:00,0.0
2017-06-02 07:00:00-03:00,0.0
2017-06-02 07:05:00-03:00,0.0
2017-06-02 07:10:00-03:00,0.0
2017-06-02 07:15:00-03:00,0.0
2017-06-02 07:20:00-03:00,0.0
2017-06-02 07:25:00-03:00,0.0
2017-06-02 07:30:00-03:00,0.0
2017-06-02 07:35:00-03:00,0.0
2017-06-02 07:40:00-03:00,0.0
2017-06-02 07:45:00-03:00,0.61977272966891706
2017-06-02 07:50:00-03:00,0.85455660392199562
2017-06-02 07:55:00-03:00,1.3686044021506467
2017-06-02 08:00:00-03:00,2.1697827958066602
2017-06-02 08:05:00-03:00,3.1938637730050323
2017-06-02 08:10:00-03:00,4.3673903580365963
2017-06-02 08:15:00-03:00,5.6281776506140169
2017-06-02 08:20:00-03:00,6.930799578142727
2017-06-02 08:25:00-03:00,8.2447759921763719
2017-06-02 08:30:00-03:00,9.5506566373527289
2017-06-02 08:35:00-03:00,10.836531089962413
2017-06-02 08:40:00-03:00,12.095363507528582
2017-06-02 08:45:00-03:00,13.323209215568694
2017-06-02 08:50:00-03:00,14.518039283843674
2017-06-02 08:55:00-03:00,15.67900158792548
2017-06-02 09:00:00-03:00,16.805953556734554
2017-06-02 09:05:00-03:00,17.900454983729343
2017-06-02 09:10:00-03:00,18.961797994925526
2017-06-02 09:15:00-03:00,19.9905550818549
2017-06-02 09:20:00-03:00,20.987358581043942
2017-06-02 09:25:00-03:00,21.952831195582572
2017-06-02 09:30:00-03:00,22.887566973639021
2017-06-02 09:35:00-03:00,23.792200176663517
2017-06-02 09:40:00-03:00,24.667248233018551
2017-06-02 09:45:00-03:00,25.513225578148102
2017-06-02 09:50:00-03:00,26.330646476910651
2017-06-02 09:55:00-03:00,27.119942542383111
2017-06-02 10:00:00-03:00,27.881542360358676
2017-06-02 10:05:00-03:00,28.615846856679191
2017-06-02 10:10:00-03:00,29.323209879515822
2017-06-02 10:15:00-03:00,30.004033141499743
2017-06-02 10:20:00-03:00,30.658621944774538
2017-06-02 10:25:00-03:00,31.287285917506384
2017-06-02 10:30:00-03:00,31.890315581409887
2017-06-02 10:35:00-03:00,32.46803888931175
2017-06-02 10:40:00-03:00,33.020707325444953
2017-06-02 10:45:00-03:00,33.548569746593763
2017-06-02 10:50:00-03:00,34.051915091901542
2017-06-02 10:55:00-03:00,34.530964651374674
2017-06-02 11:00:00-03:00,34.985932035063577
2017-06-02 11:05:00-03:00,35.419359287197778
2017-06-02 11:10:00-03:00,35.829207889323555
2017-06-02 11:15:00-03:00,36.215711893203476
2017-06-02 11:20:00-03:00,36.579071013868301
2017-06-02 11:25:00-03:00,36.919481549813476
2017-06-02 11:30:00-03:00,37.237081895542104
2017-06-02 11:35:00-03:00,37.532063181636197
2017-06-02 11:40:00-03:00,37.804635585921233
2017-06-02 11:45:00-03:00,38.054894397576653
2017-06-02 11:50:00-03:00,38.283005084272396
2017-06-02 11:55:00-03:00,38.489152444428299
2017-06-02 12:00:00-03:00,38.673404831594887
2017-06-02 12:05:00-03:00,38.836064533275078
2017-06-02 12:10:00-03:00,38.977090792532529
2017-06-02 12:15:00-03:00,39.096573089520909
2017-06-02 12:20:00-03:00,39.194664471281946
2017-06-02 12:25:00-03:00,39.27140335201004
2017-06-02 12:30:00-03:00,39.326858659794389
2017-06-02 12:35:00-03:00,39.361160503585999
2017-06-02 12:40:00-03:00,39.374292597493529
2017-06-02 12:45:00-03:00,39.366371858237528
2017-06-02 12:50:00-03:00,39.337398865601578
2017-06-02 12:55:00-03:00,39.287413752677331
2017-06-02 13:00:00-03:00,39.216441384786918
2017-06-02 13:05:00-03:00,39.127052315893295
2017-06-02 13:10:00-03:00,39.016680294456286
2017-06-02 13:15:00-03:00,38.885318867428403
2017-06-02 13:20:00-03:00,38.732903624770486
2017-06-02 13:25:00-03:00,38.559512478395121
2017-06-02 13:30:00-03:00,38.365002122221014
2017-06-02 13:35:00-03:00,38.149341207553874
2017-06-02 13:40:00-03:00,37.912515973738607
2017-06-02 13:45:00-03:00,37.654445974762766
2017-06-02 13:50:00-03:00,37.375013286283483
2017-06-02 13:55:00-03:00,37.07421533129245
2017-06-02 14:00:00-03:00,36.751895373148614
2017-06-02 14:05:00-03:00,36.419714790181523
2017-06-02 14:10:00-03:00,36.065570460122494
2017-06-02 14:15:00-03:00,35.689321340324518
2017-06-02 14:20:00-03:00,35.290831973639655
2017-06-02 14:25:00-03:00,34.869931646724957
2017-06-02 14:30:00-03:00,34.426459434427919
2017-06-02 14:35:00-03:00,33.960241358768734
2017-06-02 14:40:00-03:00,33.47110204746339
2017-06-02 14:45:00-03:00,32.958841239775367
2017-06-02 14:50:00-03:00,32.423237523798811
2017-06-02 14:55:00-03:00,31.864164037614334
2017-06-02 15:00:00-03:00,31.281304445780972
2017-06-02 15:05:00-03:00,30.691183256379489
2017-06-02 15:10:00-03:00,30.076083689240985
2017-06-02 15:15:00-03:00,29.435721654890443
2017-06-02 15:20:00-03:00,28.769794203944723
2017-06-02 15:25:00-03:00,28.078001301375078
2017-06-02 15:30:00-03:00,27.359962934298554
2017-06-02 15:35:00-03:00,26.615310097419485
2017-06-02 15:40:00-03:00,25.843660592388318
2017-06-02 15:45:00-03:00,25.044594754325175
2017-06-02 15:50:00-03:00,24.217671761433266
2017-06-02 15:55:00-03:00,23.362423999260216
2017-06-02 16:00:00-03:00,22.478302266303078
2017-06-02 16:05:00-03:00,21.57220209503339
2017-06-02 16:10:00-03:00,20.635460015376626
2017-06-02 16:15:00-03:00,19.667459646336354
2017-06-02 16:20:00-03:00,18.667605022410733
2017-06-02 16:25:00-03:00,17.635250025966752
2017-06-02 16:30:00-03:00,16.569756270629387
2017-06-02 16:35:00-03:00,15.470658458329318
2017-06-02 16:40:00-03:00,14.337661554579247
2017-06-02 16:45:00-03:00,13.170866312881612
2017-06-02 16:50:00-03:00,11.971020534190139
2017-06-02 16:55:00-03:00,10.739977044595626
2017-06-02 17:00:00-03:00,9.4813952577074634
2017-06-02 17:05:00-03:00,8.2004137750061705
2017-06-02 17:10:00-03:00,6.9100975110546665
2017-06-02 17:15:00-03:00,5.6288030817992478
2017-06-02 17:20:00-03:00,4.3854039262607767
2017-06-02 17:25:00-03:00,3.223162774671688
2017-06-02 17:30:00-03:00,2.2018203272037282
2017-06-02 17:35:00-03:00,1.3930640030321266
2017-06-02 17:40:00-03:00,0.86197348126778883
2017-06-02 17:45:00-03:00,0.61453852488000049
2017-06-02 17:50:00-03:00,0.0
2017-06-02 17:55:00-03:00,0.0
2017-06-02 18:00:00-03:00,0.0
2017-06-02 18:05:00-03:00,0.0
2017-06-02 18:10:00-03:00,0.0
2017-06-02 18:15:00-03:00,0.0
2017-06-02 18:20:00-03:00,0.0
2017-06-02 18:25:00-03:00,0.0
2017-06-02 18:30:00-03:00,0.0
2017-06-02 18:35:00-03:00,0.0
2017-06-02 18:40:00-03:00,0.0
2017-06-02 18:45:00-03:00,0.0
2017-06-02 18:50:00-03:00,0.0
2017-06-02 18:55:00-03:00,0.0
2017-06-02 19:00:00-03:00,0.0
2017-06-02 19:05:00-03:00,0.0
2017-06-02 19:10:00-03:00,0.0
2017-06-02 19:15:00-03:00,0.0
2017-06-02 19:20:00-03:00,0.0
2017-06-02 19:25:00-03:00,0.0
2017-06-02 19:30:00-03:00,0.0
2017-06-02 19:35:00-03:00,0.0
2017-06-02 19:40:00-03:00,0.0
2017-06-02 19:45:00-03:00,0.0
2017-06-02 19:50:00-03:00,0.0
2017-06-02 19:55:00-03:00,0.0
2017-06-02 20:00:00-03:00,0.0
2017-06-02 20:05:00-03:00,0.0
2017-06-02 20:10:00-03:00,0.0
2017-06-02 20:15:00-03:00,0.0
2017-06-02 20:20:00-03:00,0.0
2017-06-02 20:25:00-03:00,0.0
2017-06-02 20:30:00-03:00,0.0
2017-06-02 20:35:00-03:00,0.0
2017-06-02 20:40:00-03:00,0.0
2017-06-02 20:45:00-03:00,0.0
2017-06-02 20:50:00-03:00,0.0
2017-06-02 20:55:00-03:00,0.0
2017-06-02 21:00:00-03:00,0.0
2017-06-02 21:05:00-03:00,0.0
2017-06-02 21:10:00-03:00,0.0
2017-06-02 21:15:00-03:00,0.0
2017-06-02 21:20:00-03:00,0.0
2017-06-02 21:25:00-03:00,0.0
2017-06-02 21:30:00-03:00,0.0
2017-06-02 21:35:00-03:00,0.0
2017-06-02 21:40:00-03:00,0.0
2017-06-02 21:45:00-03:00,0.0
2017-06-02 21:50:00-03:00,0.0
2017-06-02 21:55:00-03:00,0.0
2017-06-02 22:00:00-03:00,0.0
2017-06-02 22:05:00-03:00,0.0
2017-06-02 22:10:00-03:00,0.0
2017-06-02 22:15:00-03:00,0.0
2017-06-02 22:20:00-03:00,0.0
2017-06-02 22:25:00-03:00,0.0
2017-06-02 22:30:00-03:00,0.0
2017-06-02 22:35:00-03:00,0.0
2017-06-02 22:40:00-03:00,0.0
2017-06-02 22:45:00-03:00,0.0
2017-06-02 22:50:00-03:00,0.0
2017-06-02 22:55:00-03:00,0.0
2017-06-02 23:00:00-03:00,0.0
2017-06-02 23:05:00-03:00,0.0
2017-06-02 23:10:00-03:00,0.0
2017-06-02 23:15:00-03:00,0.0
2017-06-02 23:20:00-03:00,0.0
2017-06-02 23:25:00-03:00,0.0
2017-06-02 23:30:00-03:00,0.0
2017-06-02 23:35:00-03:00,0.0
2017-06-02 23:40:00-03:00,0.0
2017-06-02 23:45:00-03:00,0.0
2017-06-02 23:50:00-03:00,0.0
2017-06-02 23:55:00-03:00,0.0
2017-06-03 00:00:00-03:00,0.0
2017-06-03 00:05:00-03:00,0.0
2017-06-03 00:10:00-03:00,0.0
2017-06-03 00:15:00-03:00,0.0
2017-06-03 00:20:00-03:00,0.0
2017-06-03 00:25:00-03:00,0.0
2017-06-03 00:30:00-03:00,0.0
2017-06-03 00:35:00-03:00,0.0
2017-06-03 00:40:00-03:00,0.0
2017-06-03 00:45:00-03:00,0.0
2017-06-03 00:50:00-03:00,0.0
2017-06-03 00:55:00-03:00,0.0
2017-06-03 01:00:00-03:00,0.0
2017-06-03 01:05:00-03:00,0.0
2017-06-03 01:10:00-03:00,0.0
2017-06-03 01:15:00-03:00,0.0
2017-06-03 01:20:00-03:00,0.0
2017-06-03 01:25:00-03:00,0.0
2017-06-03 01:30:00-03:00,0.0
2017-06-03 01:35:00-03:00,0.0
2017-06-03 01:40:00-03:00,0.0
2017-06-03 01:45:00-03:00,0.0
2017-06-03 01:50:00-03:00,0.0
2017-06-03 01:55:00-03:00,0.0
2017-06-03 02:00:00-03:00,0.0
2017-06-03 02:05:00-03:00,0.0
2017-06-03 02:10:00-03:00,0.0
2017-06-03 02:15:00-03:00,0.0
2017-06-03 02:20:00-03:00,0.0
2017-06-03 02:25:00-03:00,0.0
2017-06-03 02:30:00-03:00,0.0
2017-06-03 02:35:00-03:00,0.0
2017-06-03 02:40:00-03:00,0.0
2017-06-03 02:45:00-03:00,0.0
2017-06-03 02:50:00-03:00,0.0
2017-06-03 02:55:00-03:00,0.0
2017-06-03 03:00:00-03:00,0.0
2017-06-03 03:05:00-03:00,0.0
2017-06-03 03:10:00-03:00,0.0
2017-06-03 03:15:00-03:00,0.0
2017-06-03 03:20:00-03:00,0.0
2017-06-03 03:25:00-03:00,0.0
2017-06-03 03:30:00-03:00,0.0
2017-06-03 03:35:00-03:00,0.0
2017-06-03 03:40:00-03:00,0.0
2017-06-03 03:45:00-03:00,0.0
2017-06-03 03:50:00-03:00,0.0
2017-06-03 03:55:00-03:00,0.0
2017-06-03 04:00:00-03:00,0.0
2017-06-03 04:05:00-03:00,0.0
2017-06-03 04:10:00-03:00,0.0
2017-06-03 04:15:00-03:00,0.0
2017-06-03 04:20:00-03:00,0.0
2017-06-03 04:25:00-03:00,0.0
2017-06-03 04:30:00-03:00,0.0
2017-06-03 04:35:00-03:00,0.0
2017-06-03 04:40:00-03:00,0.0
2017-06-03 04:45:00-03:00,0.0
2017-06-03 04:50:00-03:00,0.0
2017-06-03 04:55:00-03:00,0.0
2017-06-03 05:00:00-03:00,0.0
2017-06-03 05:05:00-03:00,0.0
2017-06-03 05:10:00-03:00,0.0
2017-06-03 05:15:00-03:00,0.0
2017-06-03 05:20:00-03:00,0.0
2017-06-03 05:25:00-03:00,0.0
2017-06-03 05:30:00-03:00,0.0
2017-06-03 05:35:00-03:00,0.0
2017-06-03 05:40:00-03:00,0.0
2017-06-03 05:45:00-03:00,0.0
2017-06-03 05:50:00-03:00,0.0
2017-06-03 05:55:00-03:00,0.0
2017-06-03 06:00:00-03:00,0.0
2017-06-03 06:05:00-03:00,0.0
2017-06-03 06:10:00-03:00,0.0
2017-06-03 06:15:00-03:00,0.0
2017-06-03 06:20:00-03:00,0.0
2017-06-03 06:25:00-03:00,0.0
2017-06-03 06:30:00-03:00,0.0
2017-06-03 06:35:00-03:00,0.0
2017-06-03 06:40:00-03:00,0.0
2017-06-03 06:45:00-03:00,0.0
2017-06-03 06:50:00-03:00,0.0
2017-06-03 06:55:00-03:00,0.0
2017-06-03 07:00:00-03:00,0.0
2017-06-03 07:05:00-03:00,0.0
2017-06-03 07:10:00-03:00,0.0
2017-06-03 07:15:00-03:00,0.0
2017-06-03 07:20:00-03:00,0.0
2017-06-03 07:25:00-03:00,0.0
2017-06-03 07:30:00-03:00,0.0
2017-06-03 07:35:00-03:00,0.0
2017-06-03 07:40:00-03:00,0.0
2017-06-03 07:45:00-03:00,0.57834791628678339
2017-06-03 07:50:00-03:00,0.7939130303278995
2017-06-03 07:55:00-03:00,1.2662105968882658
2017-06-03 08:00:00-03:00,2.0253637160907005
2017-06-03 08:05:00-03:00,3.0041102619167774
2017-06-03 08:10:00-03:00,4.1333252846913329
2017-06-03 08:15:00-03:00,5.3501801960648576
2017-06-03 08:20:00-03:00,6.6084249470182819
2017-06-03 08:25:00-03:00,7.8769272665002772
2017-06-03 08:30:00-03:00,9.1359298943897684
2017-06-03 08:35:00-03:00,10.373282118986156
2017-06-03 08:40:00-03:00,11.581957344362602
2017-06-03 08:45:00-03:00,12.758037134023862
2017-06-03 08:50:00-03:00,13.899589639192991
2017-06-03 08:55:00-03:00,15.005869531885356
2017-06-03 09:00:00-03:00,16.076832549164237
2017-06-03 09:05:00-03:00,17.050178546189436
2017-06-03 09:10:00-03:00,17.982338578992156
2017-06-03 09:15:00-03:00,18.874416875439714
2017-06-03 09:20:00-03:00,19.727538229440995
2017-06-03 09:25:00-03:00,20.542808040033389
2017-06-03 09:30:00-03:00,21.32129101315628
2017-06-03 09:35:00-03:00,22.063986302666393
2017-06-03 09:40:00-03:00,22.771891572775885
2017-06-03 09:45:00-03:00,23.445870048167851
2017-06-03 09:50:00-03:00,24.08681890944737
2017-06-03 09:55:00-03:00,24.695539674944513
2017-06-03 10:00:00-03:00,25.272770303302305
2017-06-03 10:05:00-03:00,25.769497473008592
2017-06-03 10:10:00-03:00,26.233936256698428
2017-06-03 10:15:00-03:00,26.66688459803914
2017-06-03 10:20:00-03:00,27.069092035740049
2017-06-03 10:25:00-03:00,27.441288901618108
2017-06-03 10:30:00-03:00,27.784102665738871
2017-06-03 10:35:00-03:00,28.098207103825828
2017-06-03 10:40:00-03:00,28.38424597001854
2017-06-03 10:45:00-03:00,28.642774497322481
2017-06-03 10:50:00-03:00,28.874453963702692
2017-06-03 10:55:00-03:00,29.079799218077856
2017-06-03 11:00:00-03:00,29.259343478470367
2017-06-03 11:05:00-03:00,29.4514464888791
2017-06-03 11:10:00-03:00,29.619650629821408
2017-06-03 11:15:00-03:00,29.764368778773562
2017-06-03 11:20:00-03:00,29.886013807567917
2017-06-03 11:25:00-03:00,29.985016719294336
2017-06-03 11:30:00-03:00,30.061746737515829
2017-06-03 11:35:00-03:00,30.116668016294653
2017-06-03 11:40:00-03:00,30.150089671736115
2017-06-03 11:45:00-03:00,30.16241993063959
2017-06-03 11:50:00-03:00,30.153999490817931
2017-06-03 11:55:00-03:00,30.125246629216601
2017-06-03 12:00:00-03:00,30.076473282740167
2017-06-03 12:05:00-03:00,30.071799473050167
2017-06-03 12:10:00-03:00,30.048309479655835
2017-06-03 12:15:00-03:00,30.006270352368006
2017-06-03 12:20:00-03:00,29.945918838318921
2017-06-03 12:25:00-03:00,29.867493646811589
2017-06-03 12:30:00-03:00,29.771229658054846
2017-06-03 12:35:00-03:00,29.657383808589689
2017-06-03 12:40:00-03:00,29.526169480759386
2017-06-03 12:45:00-03:00,29.377809270191335
2017-06-03 12:50:00-03:00,29.212543139363316
2017-06-03 12:55:00-03:00,29.030623994520411
2017-06-03 13:00:00-03:00,28.832230943070353
2017-06-03 13:05:00-03:00,28.682368316970244
2017-06-03 13:10:00-03:00,28.516227893205862
2017-06-03 13:15:00-03:00,28.334004296001826
2017-06-03 13:20:00-03:00,28.135730448884818
2017-06-03 13:25:00-03:00,27.921636882720577
2017-06-03 13:30:00-03:00,27.691766649106594
2017-06-03 13:35:00-03:00,27.446261991377799
2017-06-03 13:40:00-03:00,27.185257701511663
2017-06-03 13:45:00-03:00,26.908896410665296
2017-06-03 13:50:00-03:00,26.617256393284205
2017-06-03 13:55:00-03:00,26.310495121998752
2017-06-03 14:00:00-03:00,25.988719318450254
2017-06-03 14:05:00-03:00,25.661374840466536
2017-06-03 14:10:00-03:00,25.319022310400797
2017-06-03 14:15:00-03:00,24.961737753986235
2017-06-03 14:20:00-03:00,24.589674746652364
2017-06-03 14:25:00-03:00,24.202914367036474
2017-06-03 14:30:00-03:00,23.801569755286593
2017-06-03 14:35:00-03:00,23.385764799032142
2017-06-03 14:40:00-03:00,22.955596720037995
2017-06-03 14:45:00-03:00,22.511173653738002
2017-06-03 14:50:00-03:00,22.052634905217229
2017-06-03 14:55:00-03:00,21.580058301124353
2017-06-03 15:00:00-03:00,21.093561764740688
2017-06-03 15:05:00-03:00,20.604802260402703
2017-06-03 15:10:00-03:00,20.101748144887562
2017-06-03 15:15:00-03:00,19.584506211175928
2017-06-03 15:20:00-03:00,19.053135704561701
2017-06-03 15:25:00-03:00,18.507707931652735
2017-06-03 15:30:00-03:00,17.948300311395304
2017-06-03 15:35:00-03:00,17.374958697361294
2017-06-03 15:40:00-03:00,16.787745432777697
2017-06-03 15:45:00-03:00,16.186715722989607
2017-06-03 15:50:00-03:00,15.571872476054892
2017-06-03 15:55:00-03:00,14.943235282926285
2017-06-03 16:00:00-03:00,14.300842241558859
2017-06-03 16:05:00-03:00,13.660432795422677
2017-06-03 16:10:00-03:00,13.004861405245427
2017-06-03 16:15:00-03:00,12.334033356447735
2017-06-03 16:20:00-03:00,11.647848251764835
2017-06-03 16:25:00-03:00,10.946239737478027
2017-06-03 16:30:00-03:00,10.22915102413026
2017-06-03 16:35:00-03:00,9.4966337181599947
2017-06-03 16:40:00-03:00,8.7488632031408855
2017-06-03 16:45:00-03:00,7.9862505175709151
2017-06-03 16:50:00-03:00,7.2096802063342063
2017-06-03 16:55:00-03:00,6.4206633605921715
2017-06-03 17:00:00-03:00,5.6218518801863882
2017-06-03 17:05:00-03:00,4.8171987948045158
2017-06-03 17:10:00-03:00,4.0145165701338694
2017-06-03 17:15:00-03:00,3.2252130863198238
2017-06-03 17:20:00-03:00,2.4668605740195901
2017-06-03 17:25:00-03:00,1.7652544759828868
2017-06-03 17:30:00-03:00,1.1553726128290696
2017-06-03 17:35:00-03:00,0.67823129236035828
2017-06-03 17:40:00-03:00,0.36953685494839861
2017-06-03 17:45:00-03:00,0.22726012976579055
2017-06-03 17:50:00-03:00,0.0
2017-06-03 17:55:00-03:00,0.0
2017-06-03 18:00:00-03:00,0.0
2017-06-03 18:05:00-03:00,0.0
2017-06-03 18:10:00-03:00,0.0
2017-06-03 18:15:00-03:00,0.0
2017-06-03 18:20:00-03:00,0.0
2017-06-03 18:25:00-03:00,0.0
2017-06-03 18:30:00-03:00,0.0
2017-06-03 18:35:00-03:00,0.0
2017-06-03 18:40:00-03:00,0.0
2017-06-03 18:45:00-03:00,0.0
2017-06-03 18:50:00-03:00,0.0
2017-06-03 18:55:00-03:00,0.0
2017-06-03 19:00:00-03:00,0.0
2017-06-03 19:05:00-03:00,0.0
2017-06-03 19:10:00-03:00,0.0
2017-06-03 19:15:00-03:00,0.0
2017-06-03 19:20:00-03:00,0.0
2017-06-03 19:25:00-03:00,0.0
2017-06-03 19:30:00-03:00,0.0
2017-06-03 19:35:00-03:00,0.0
2017-06-03 19:40:00-03:00,0.0
2017-06-03 19:45:00-03:00,0.0
2017-06-03 19:50:00-03:00,0.0
2017-06-03 19:55:00-03:00,0.0
2017-06-03 20:00:00-03:00,0.0
2017-06-03 20:05:00-03:00,0.0
2017-06-03 20:10:00-03:00,0.0
2017-06-03 20:15:00-03:00,0.0
2017-06-03 20:20:00-03:00,0.0
2017-06-03 20:25:00-03:00,0.0
2017-06-03 20:30:00-03:00,0.0
2017-06-03 20:35:00-03:00,0.0
2017-06-03 20:40:00-03:00,0.0
2017-06-03 20:45:00-03:00,0.0
2017-06-03 20:50:00-03:00,0.0
2017-06-03 20:55:00-03:00,0.0
2017-06-03 21:00:00-03:00,0.0
2017-06-03 21:05:00-03:00,0.0
2017-06-03 21:10:00-03:00,0.0
2017-06-03 21:15:00-03:00,0.0
2017-06-03 21:20:00-03:00,0.0
2017-06-03 21:25:00-03:00,0.0
2017-06-03 21:30:00-03:00,0.0
2017-06-03 21:35:00-03:00,0.0
2017-06-03 21:40:00-03:00,0.0
2017-06-03 21:45:00-03:00,0.0
2017-06-03 21:50:00-03:00,0.0
2017-06-03 21:55:00-03:00,0.0
2017-06-03 22:00:00-03:00,0.0
2017-06-03 22:05:00-03:00,0.0
2017-06-03 22:10:00-03:00,0.0
2017-06-03 22:15:00-03:00,0.0
2017-06-03 22:20:00-03:00,0.0
2017-06-03 22:25:00-03:00,0.0
2017-06-03 22:30:00-03:00,0.0
2017-06-03 22:35:00-03:00,0.0
2017-06-03 22:40:00-03:00,0.0
2017-06-03 22:45:00-03:00,0.0
2017-06-03 22:50:00-03:00,0.0
2017-06-03 22:55:00-03:00,0.0
2017-06-03 23:00:00-03:00,0.0
2017-06-03 23:05:00-03:00,0.0
2017-06-03 23:10:00-03:00,0.0
2017-06-03 23:15:00-03:00,0.0
2017-06-03 23:20:00-03:00,0.0
2017-06-03 23:25:00-03:00,0.0
2017-06-03 23:30:00-03:00,0.0
2017-06-03 23:35:00-03:00,0.0
2017-06-03 23:40:00-03:00,0.0
2017-06-03 23:45:00-03:00,0.0
2017-06-03 23:50:00-03:00,0.0
2017-06-03 23:55:00-03:00,0.0
2017-06-04 00:00:00-03:00,0.0
2017-06-04 00:05:00-03:00,0.0
2017-06-04 00:10:00-03:00,0.0
2017-06-04 00:15:00-03:00,0.0
2017-06-04 00:20:00-03:00,0.0
2017-06-04 00:25:00-03:00,0.0
2017-06-04 00:30:00-03:00,0.0
2017-06-04 00:35:00-03:00,0.0
2017-06-04 00:40:00-03:00,0.0
2017-06-04 00:45:00-03:00,0.0
2017-06-04 00:50:00-03:00,0.0
2017-06-04 00:55:00-03:00,0.0
2017-06-04 01:00:00-03:00,0.0
2017-06-04 01:05:00-03:00,0.0
2017-06-04 01:10:00-03:00,0.0
2017-06-04 01:15:00-03:00,0.0
2017-06-04 01:20:00-03:00,0.0
2017-06-04 01:25:00-03:00,0.0
2017-06-04 01:30:00-03:00,0.0
2017-06-04 01:35:00-03:00,0.0
2017-06-04 01:40:00-03:00,0.0
2017-06-04 01:45:00-03:00,0.0
2017-06-04 01:50:00-03:00,0.0
2017-06-04 01:55:00-03:00,0.0
2017-06-04 02:00:00-03:00,0.0
2017-06-04 02:05:00-03:00,0.0
2017-06-04 02:10:00-03:00,0.0
2017-06-04 02:15:00-03:00,0.0
2017-06-04 02:20:00-03:00,0.0
2017-06-04 02:25:00-03:00,0.0
2017-06-04 02:30:00-03:00,0.0
2017-06-04 02:35:00-03:00,0.0
2017-06-04 02:40:00-03:00,0.0
2017-06-04 02:45:00-03:00,0.0
2017-06-04 02:50:00-03:00,0.0
2017-06-04 02:55:00-03:00,0.0
2017-06-04 03:00:00-03:00,0.0
2017-06-04 03:05:00-03:00,0.0
2017-06-04 03:10:00-03:00,0.0
2017-06-04 03:15:00-03:00,0.0
2017-06-04 03:20:00-03:00,0.0
2017-06-04 03:25:00-03:00,0.0
2017-06-04 03:30:00-03:00,0.0
2017-06-04 03:35:00-03:00,0.0
2017-06-04 03:40:00-03:00,0.0
2017-06-04 03:45:00-03:00,0.0
2017-06-04 03:50:00-03:00,0.0
2017-06-04 03:55:00-03:00,0.0
2017-06-04 04:00:00-03:00,0.0
2017-06-04 04:05:00-03:00,0.0
2017-06-04 04:10:00-03:00,0.0
2017-06-04 04:15:00-03:00,0.0
2017-06-04 04:20:00-03:00,0.0
2017-06-04 04:25:00-03:00,0.0
2017-06-04 04:30:00-03:00,0.0
2017-06-04 04:35:00-03:00,0.0
2017-06-04 04:40:00-03:00,0.0
2017-06-04 04:45:00-03:00,0.0
2017-06-04 04:50:00-03:00,0.0
2017-06-04 04:55:00-03:00,0.0
2017-06-04 05:00:00-03:00,0.0
2017-06-04 05:05:00-03:00,0.0
2017-06-04 05:10:00-03:00,0.0
2017-06-04 05:15:00-03:00,0.0
2017-06-04 05:20:00-03:00,0.0
2017-06-04 05:25:00-03:00,0.0
2017-06-04 05:30:00-03:00,0.0
2017-06-04 05:35:00-03:00,0.0
2017-06-04 05:40:00-03:00,0.0
2017-06-04 05:45:00-03:00,0.0
2017-06-04 05:50:00-03:00,0.0
2017-06-04 05:55:00-03:00,0.0
2017-06-04 06:00:00-03:00,0.0
2017-06-04 06:05:00-03:00,0.0
2017-06-04 06:10:00-03:00,0.0
2017-06-04 06:15:00-03:00,0.0
2017-06-04 06:20:00-03:00,0.0
2017-06-04 06:25:00-03:00,0.0
2017-06-04 06:30:00-03:00,0.0
2017-06-04 06:35:00-03:00,0.0
2017-06-04 06:40:00-03:00,0.0
2017-06-04 06:45:00-03:00,0.0
2017-06-04 06:50:00-03:00,0.0
2017-06-04 06:55:00-03:00,0.0
2017-06-04 07:00:00-03:00,0.0
2017-06-04 07:05:00-03:00,0.0
2017-06-04 07:10:00-03:00,0.0
2017-06-04 07:15:00-03:00,0.0
2017-06-04 07:20:00-03:00,0.0
2017-06-04 07:25:00-03:00,0.0
2017-06-04 07:30:00-03:00,0.0
2017-06-04 07:35:00-03:00,0.0
2017-06-04 07:40:00-03:00,0.0
2017-06-04 07:45:00-03:00,0.06813949369831547
2017-06-04 07:50:00-03:00,0.16041554476254469
2017-06-04 07:55:00-03:00,0.35515697282323233
2017-06-04 08:00:00-03:00,0.67945036905824896
2017-06-04 08:05:00-03:00,1.1115607277721302
2017-06-04 08:10:00-03:00,1.6203816501919261
2017-06-04 08:15:00-03:00,2.1784881067113204
2017-06-04 08:20:00-03:00,2.7650184093159602
2017-06-04 08:25:00-03:00,3.3654924886255171
2017-06-04 08:30:00-03:00,3.9703672742095617
2017-06-04 08:35:00-03:00,4.5736045487279373
2017-06-04 08:40:00-03:00,5.1713902571090902
2017-06-04 08:45:00-03:00,5.7614422564423524
2017-06-04 08:50:00-03:00,6.3423794795252446
2017-06-04 08:55:00-03:00,6.9134252279952069
2017-06-04 09:00:00-03:00,7.4741411607059884
2017-06-04 09:05:00-03:00,8.0319857932864878
2017-06-04 09:10:00-03:00,8.580095660276104
2017-06-04 09:15:00-03:00,9.1184032508977158
2017-06-04 09:20:00-03:00,9.6468847471999482
2017-06-04 09:25:00-03:00,10.165502286651085
2017-06-04 09:30:00-03:00,10.674275975684756
2017-06-04 09:35:00-03:00,11.173164814987825
2017-06-04 09:40:00-03:00,11.66214049963213
2017-06-04 09:45:00-03:00,12.141158573983564
2017-06-04 09:50:00-03:00,12.610194012688398
2017-06-04 09:55:00-03:00,13.069169617858941
2017-06-04 10:00:00-03:00,13.518014060127879
2017-06-04 10:05:00-03:00,13.98543930431747
2017-06-04 10:10:00-03:00,14.443938903252239
2017-06-04 10:15:00-03:00,14.893313855723237
2017-06-04 10:20:00-03:00,15.333431796936532
2017-06-04 10:25:00-03:00,15.764082247754484
2017-06-04 10:30:00-03:00,16.185060874411125
2017-06-04 10:35:00-03:00,16.596186222881844
2017-06-04 10:40:00-03:00,16.997310535866006
2017-06-04 10:45:00-03:00,17.388191149671613
2017-06-04 10:50:00-03:00,17.768660615367164
2017-06-04 10:55:00-03:00,18.138558769088544
2017-06-04 11:00:00-03:00,18.497649959727976
2017-06-04 11:05:00-03:00,18.827389951981132
2017-06-04 11:10:00-03:00,19.145595484629904
2017-06-04 11:15:00-03:00,19.452160730050693
2017-06-04 11:20:00-03:00,19.746929542360519
2017-06-04 11:25:00-03:00,20.029773040375282
2017-06-04 11:30:00-03:00,20.300534091264446
2017-06-04 11:35:00-03:00,20.559166787567364
2017-06-04 11:40:00-03:00,20.805469027368495
2017-06-04 11:45:00-03:00,21.039329975335146
2017-06-04 11:50:00-03:00,21.260618104667032
2017-06-04 11:55:00-03:00,21.469248505450171
2017-06-04 12:00:00-03:00,21.665084403844979
2017-06-04 12:05:00-03:00,21.787988745538886
2017-06-04 12:10:00-03:00,21.89754401216825
2017-06-04 12:15:00-03:00,21.993726616211152
2017-06-04 12:20:00-03:00,22.076547837577884
2017-06-04 12:25:00-03:00,22.145972513988745
2017-06-04 12:30:00-03:00,22.20201515940931
2017-06-04 12:35:00-03:00,22.244628189813078
2017-06-04 12:40:00-03:00,22.273854201326486
2017-06-04 12:45:00-03:00,22.289650165029769
2017-06-04 12:50:00-03:00,22.292004202398509
2017-06-04 12:55:00-03:00,22.280931009849887
2017-06-04 13:00:00-03:00,22.256408475458851
2017-06-04 13:05:00-03:00,22.201060880089795
2017-06-04 13:10:00-03:00,22.132360430594328
2017-06-04 13:15:00-03:00,22.050325521318772
2017-06-04 13:20:00-03:00,21.954971009628093
2017-06-04 13:25:00-03:00,21.846337813523803
2017-06-04 13:30:00-03:00,21.724425502240575
2017-06-04 13:35:00-03:00,21.589249837135576
2017-06-04 13:40:00-03:00,21.440847280144439
2017-06-04 13:45:00-03:00,21.279244811747667
2017-06-04 13:50:00-03:00,21.104408211105003
2017-06-04 13:55:00-03:00,20.916458931525661
2017-06-04 14:00:00-03:00,20.715323779715241
2017-06-04 14:05:00-03:00,20.546995955947654
2017-06-04 14:10:00-03:00,20.364647051283061
2017-06-04 14:15:00-03:00,20.168233886607677
2017-06-04 14:20:00-03:00,19.95769764093529
2017-06-04 14:25:00-03:00,19.732960646736618
2017-06-04 14:30:00-03:00,19.493945341045116
2017-06-04 14:35:00-03:00,19.240615596913472
2017-06-04 14:40:00-03:00,18.972864405557086
2017-06-04 14:45:00-03:00,18.690660966091659
2017-06-04 14:50:00-03:00,18.393885950501165
2017-06-04 14:55:00-03:00,18.082478494934225
2017-06-04 15:00:00-03:00,17.756375785745604
2017-06-04 15:05:00-03:00,17.489826378655611
2017-06-04 15:10:00-03:00,17.205406395633396
2017-06-04 15:15:00-03:00,16.902846293543192
2017-06-04 15:20:00-03:00,16.581836291405082
2017-06-04 15:25:00-03:00,16.242114250456311
2017-06-04 15:30:00-03:00,15.883349036548584
2017-06-04 15:35:00-03:00,15.505191395160772
2017-06-04 15:40:00-03:00,15.107348931812922
2017-06-04 15:45:00-03:00,14.689396421096648
2017-06-04 15:50:00-03:00,14.251010753990311
2017-06-04 15:55:00-03:00,13.791716403991739
2017-06-04 16:00:00-03:00,13.311107999687611
2017-06-04 16:05:00-03:00,12.836633477189098
2017-06-04 16:10:00-03:00,12.337577669033919
2017-06-04 16:15:00-03:00,11.813257199402873
2017-06-04 16:20:00-03:00,11.263045324981633
2017-06-04 16:25:00-03:00,10.686282842610932
2017-06-04 16:30:00-03:00,10.082328502945764
2017-06-04 16:35:00-03:00,9.4506020608361947
2017-06-04 16:40:00-03:00,8.7906270692951729
2017-06-04 16:45:00-03:00,8.1022460450925298
2017-06-04 16:50:00-03:00,7.3856453846265167
2017-06-04 16:55:00-03:00,6.641784083347428
2017-06-04 17:00:00-03:00,5.8728426457151786
2017-06-04 17:05:00-03:00,5.0780028015312935
2017-06-04 17:10:00-03:00,4.2710773542236833
2017-06-04 17:15:00-03:00,3.4642869770422937
2017-06-04 17:20:00-03:00,2.6770497264340993
2017-06-04 17:25:00-03:00,1.9385642215542325
2017-06-04 17:30:00-03:00,1.2892400031781088
2017-06-04 17:35:00-03:00,0.77744017120233833
2017-06-04 17:40:00-03:00,0.44670737284282297
2017-06-04 17:45:00-03:00,0.29625534049181212
2017-06-04 17:50:00-03:00,0.0
2017-06-04 17:55:00-03:00,0.0
2017-06-04 18:00:00-03:00,0.0
2017-06-04 18:05:00-03:00,0.0
2017-06-04 18:10:00-03:00,0.0
2017-06-04 18:15:00-03:00,0.0
2017-06-04 18:20:00-03:00,0.0
2017-06-04 18:25:00-03:00,0.0
2017-06-04 18:30:00-03:00,0.0
2017-06-04 18:35:00-03:00,0.0
2017-06-04 18:40:00-03:00,0.0
2017-06-04 18:45:00-03:00,0.0
2017-06-04 18:50:00-03:00,0.0
2017-06-04 18:55:00-03:00,0.0
2017-06-04 19:00:00-03:00,0.0
2017-06-04 19:05:00-03:00,0.0
2017-06-04 19:10:00-03:00,0.0
2017-06-04 19:15:00-03:00,0.0
2017-06-04 19:20:00-03:00,0.0
2017-06-04 19:25:00-03:00,0.0
2017-06-04 19:30:00-03:00,0.0
2017-06-04 19:35:00-03:00,0.0
2017-06-04 19:40:00-03:00,0.0
2017-06-04 19:45:00-03:00,0.0
2017-06-04 19:50:00-03:00,0.0
2017-06-04 19:55:00-03:00,0.0
2017-06-04 20:00:00-03:00,0.0
2017-06-04 20:05:00-03:00,0.0
2017-06-04 20:10:00-03:00,0.0
2017-06-04 20:15:00-03:00,0.0
2017-06-04 20:20:00-03:00,0.0
2017-06-04 20:25:00-03:00,0.0
2017-06-04 20:30:00-03:00,0.0
2017-06-04 20:35:00-03:00,0.0
2017-06-04 20:40:00-03:00,0.0
2017-06-04 20:45:00-03:00,0.0
2017-06-04 20:50:00-03:00,0.0
2017-06-04 20:55:00-03:00,0.0
2017-06-04 21:00:00-03:00,0.0
2017-06-04 21:05:00-03:00,0.0
2017-06-04 21:10:00-03:00,0.0
2017-06-04 21:15:00-03:00,0.0
2017-06-04 21:20:00-03:00,0.0
2017-06-04 21:25:00-03:00,0.0
2017-06-04 21:30:00-03:00,0.0
2017-06-04 21:35:00-03:00,0.0
2017-06-04 21:40:00-03:00,0.0
2017-06-04 21:45:00-03:00,0.0
2017-06-04 21:50:00-03:00,0.0
2017-06-04 21:55:00-03:00,0.0
2017-06-04 22:00:00-03:00,0.0
2017-06-04 22:05:00-03:00,0.0
2017-06-04 22:10:00-03:00,0.0
2017-06-04 22:15:00-03:00,0.0
2017-06-04 22:20:00-03:00,0.0
2017-06-04 22:25:00-03:00,0.0
2017-06-04 22:30:00-03:00,0.0
2017-06-04 22:35:00-03:00,0.0
2017-06-04 22:40:00-03:00,0.0
2017-06-04 22:45:00-03:00,0.0
2017-06-04 22:50:00-03:00,0.0
2017-06-04 22:55:00-03:00,0.0
2017-06-04 23:00:00-03:00,0.0
2017-06-04 23:05:00-03:00,0.0
2017-06-04 23:10:00-03:00,0.0
2017-06-04 23:15:00-03:00,0.0
2017-06-04 23:20:00-03:00,0.0
2017-06-04 23:25:00-03:00,0.0
2017-06-04 23:30:00-03:00,0.0
2017-06-04 23:35:00-03:00,0.0
2017-06-04 23:40:00-03:00,0.0
2017-06-04 23:45:00-03:00,0.0
2017-06-04 23:50:00-03:00,0.0
2017-06-04 23:55:00-03:00,0.0
2017-06-05 00:00:00-03:00,0.0
2017-06-05 00:05:00-03:00,0.0
2017-06-05 00:10:00-03:00,0.0
2017-06-05 00:15:00-03:00,0.0
2017-06-05 00:20:00-03:00,0.0
2017-06-05 00:25:00-03:00,0.0
2017-06-05 00:30:00-03:00,0.0
2017-06-05 00:35:00-03:00,0.0
2017-06-05 00:40:00-03:00,0.0
2017-06-05 00:45:00-03:00,0.0
2017-06-05 00:50:00-03:00,0.0
2017-06-05 00:55:00-03:00,0.0
2017-06-05 01:00:00-03:00,0.0
2017-06-05 01:05:00-03:00,0.0
2017-06-05 01:10:00-03:00,0.0
2017-06-05 01:15:00-03:00,0.0
2017-06-05 01:20:00-03:00,0.0
2017-06-05 01:25:00-03:00,0.0
2017-06-05 01:30:00-03:00,0.0
2017-06-05 01:35:00-03:00,0.0
2017-06-05 01:40:00-03:00,0.0
2017-06-05 01:45:00-03:00,0.0
2017-06-05 01:50:00-03:00,0.0
2017-06-05 01:55:00-03:00,0.0
2017-06-05 02:00:00-03:00,0.0
2017-06-05 02:05:00-03:00,0.0
2017-06-05 02:10:00-03:00,0.0
2017-06-05 02:15:00-03:00,0.0
2017-06-05 02:20:00-03:00,0.0
2017-06-05 02:25:00-03:00,0.0
2017-06-05 02:30:00-03:00,0.0
2017-06-05 02:35:00-03:00,0.0
2017-06-05 02:40:00-03:00,0.0
2017-06-05 02:45:00-03:00,0.0
2017-06-05 02:50:00-03:00,0.0
2017-06-05 02:55:00-03:00,0.0
2017-06-05 03:00:00-03:00,0.0
2017-06-05 03:05:00-03:00,0.0
2017-06-05 03:10:00-03:00,0.0
2017-06-05 03:15:00-03:00,0.0
2017-06-05 03:20:00-03:00,0.0
2017-06-05 03:25:00-03:00,0.0
2017-06-05 03:30:00-03:00,0.0
2017-06-05 03:35:00-03:00,0.0
2017-06-05 03:40:00-03:00,0.0
2017-06-05 03:45:00-03:00,0.0
2017-06-05 03:50:00-03:00,0.0
2017-06-05 03:55:00-03:00,0.0
2017-06-05 04:00:00-03:00,0.0
2017-06-05 04:05:00-03:00,0.0
2017-06-05 04:10:00-03:00,0.0
2017-06-05 04:15:00-03:00,0.0
2017-06-05 04:20:00-03:00,0.0
2017-06-05 04:25:00-03:00,0.0
2017-06-05 04:30:00-03:00,0.0
2017-06-05 04:35:00-03:00,0.0
2017-06-05 04:40:00-03:00,0.0
2017-06-05 04:45:00-03:00,0.0
2017-06-05 04:50:00-03:00,0.0
2017-06-05 04:55:00-03:00,0.0
2017-06-05 05:00:00-03:00,0.0
2017-06-05 05:05:00-03:00,0.0
2017-06-05 05:10:00-03:00,0.0
2017-06-05 05:15:00-03:00,0.0
2017-06-05 05:20:00-03:00,0.0
2017-06-05 05:25:00-03:00,0.0
2017-06-05 05:30:00-03:00,0.0
2017-06-05 05:35:00-03:00,0.0
2017-06-05 05:40:00-03:00,0.0
2017-06-05 05:45:00-03:00,0.0
2017-06-05 05:50:00-03:00,0.0
2017-06-05 05:55:00-03:00,0.0
2017-06-05 06:00:00-03:00,0.0
2017-06-05 06:05:00-03:00,0.0
2017-06-05 06:10:00-03:00,0.0
2017-06-05 06:15:00-03:00,0.0
2017-06-05 06:20:00-03:00,0.0
2017-06-05 06:25:00-03:00,0.0
2017-06-05 06:30:00-03:00,0.0
2017-06-05 06:35:00-03:00,0.0
2017-06-05 06:40:00-03:00,0.0
2017-06-05 06:45:00-03:00,0.0
2017-06-05 06:50:00-03:00,0.0
2017-06-05 06:55:00-03:00,0.0
2017-06-05 07:00:00-03:00,0.0
2017-06-05 07:05:00-03:00,0.0
2017-06-05 07:10:00-03:00,0.0
2017-06-05 07:15:00-03:00,0.0
2017-06-05 07:20:00-03:00,0.0
2017-06-05 07:25:00-03:00,0.0
2017-06-05 07:30:00-03:00,0.0
2017-06-05 07:35:00-03:00,0.0
2017-06-05 07:40:00-03:00,0.0
2017-06-05 07:45:00-03:00,0.49044224029121131
2017-06-05 07:50:00-03:00,0.69224568928681385
2017-06-05 07:55:00-03:00,1.0785772129841091
2017-06-05 08:00:00-03:00,1.7395055047331618
2017-06-05 08:05:00-03:00,2.6128127089554858
2017-06-05 08:10:00-03:00,3.630852664284546
2017-06-05 08:15:00-03:00,4.7299373607383419
2017-06-05 08:20:00-03:00,5.862757184152434
2017-06-05 08:25:00-03:00,6.997472071503446
2017-06-05 08:30:00-03:00,8.1140266549509956
2017-06-05 08:35:00-03:00,9.200417835256971
2017-06-05 08:40:00-03:00,10.249862028391625
2017-06-05 08:45:00-03:00,11.258853653953173
2017-06-05 08:50:00-03:00,12.225895615910252
2017-06-05 08:55:00-03:00,13.150694811978248
2017-06-05 09:00:00-03:00,14.033654653196974
2017-06-05 09:05:00-03:00,14.759847585905874
2017-06-05 09:10:00-03:00,15.432713835748761
2017-06-05 09:15:00-03:00,16.053995315681817
2017-06-05 09:20:00-03:00,16.625425266164122
2017-06-05 09:25:00-03:00,17.148630998641799
2017-06-05 09:30:00-03:00,17.625190104829606
2017-06-05 09:35:00-03:00,18.056652732590589
2017-06-05 09:40:00-03:00,18.444397856107237
2017-06-05 09:45:00-03:00,18.78978916425735
2017-06-05 09:50:00-03:00,19.094090288858375
2017-06-05 09:55:00-03:00,19.358519269967395
2017-06-05 10:00:00-03:00,19.584206357789334
2017-06-05 10:05:00-03:00,19.680074603322577
2017-06-05 10:10:00-03:00,19.734454321838811
2017-06-05 10:15:00-03:00,19.748486747996566
2017-06-05 10:20:00-03:00,19.723299200943995
2017-06-05 10:25:00-03:00,19.659975508153352
2017-06-05 10:30:00-03:00,19.559561739727066
2017-06-05 10:35:00-03:00,19.423050631106566
2017-06-05 10:40:00-03:00,19.251532689919511
2017-06-05 10:45:00-03:00,19.045901401181084
2017-06-05 10:50:00-03:00,18.807180674434768
2017-06-05 10:55:00-03:00,18.536305277656531
2017-06-05 11:00:00-03:00,18.234248754752468
2017-06-05 11:05:00-03:00,18.078475718442782
2017-06-05 11:10:00-03:00,17.898899224496375
2017-06-05 11:15:00-03:00,17.696247290572725
2017-06-05 11:20:00-03:00,17.471204183043277
2017-06-05 11:25:00-03:00,17.224516279919452
2017-06-05 11:30:00-03:00,16.956913392848993
2017-06-05 11:35:00-03:00,16.669096210749185
2017-06-05 11:40:00-03:00,16.361812427725244
2017-06-05 11:45:00-03:00,16.035797555050937
2017-06-05 11:50:00-03:00,15.691805271929276
2017-06-05 11:55:00-03:00,15.330617441955797
2017-06-05 12:00:00-03:00,14.952976725003479
2017-06-05 12:05:00-03:00,14.984773135198726
2017-06-05 12:10:00-03:00,15.006556088892532
2017-06-05 12:15:00-03:00,15.018374334006008
2017-06-05 12:20:00-03:00,15.020311492588698
2017-06-05 12:25:00-03:00,15.012450653655417
2017-06-05 12:30:00-03:00,14.994876245836263
2017-06-05 12:35:00-03:00,14.967674015863221
2017-06-05 12:40:00-03:00,14.930931090692281
2017-06-05 12:45:00-03:00,14.884735974495618
2017-06-05 12:50:00-03:00,14.829178589560131
2017-06-05 12:55:00-03:00,14.764350286473874
2017-06-05 13:00:00-03:00,14.690343875851799
2017-06-05 13:05:00-03:00,14.65337881868264
2017-06-05 13:10:00-03:00,14.607168254745394
2017-06-05 13:15:00-03:00,14.551730403364891
2017-06-05 13:20:00-03:00,14.487084924191338
2017-06-05 13:25:00-03:00,14.41325284628817
2017-06-05 13:30:00-03:00,14.330256611558172
2017-06-05 13:35:00-03:00,14.238119991783748
2017-06-05 13:40:00-03:00,14.136868084834456
2017-06-05 13:45:00-03:00,14.026527328886424
2017-06-05 13:50:00-03:00,13.907120433191775
2017-06-05 13:55:00-03:00,13.778709919657075
2017-06-05 14:00:00-03:00,13.641299230881417
2017-06-05 14:05:00-03:00,13.603462287822985
2017-06-05 14:10:00-03:00,13.554393852754769
2017-06-05 14:15:00-03:00,13.493929605737389
2017-06-05 14:20:00-03:00,13.421885176375454
2017-06-05 14:25:00-03:00,13.338157010104609
2017-06-05 14:30:00-03:00,13.242545603460812
2017-06-05 14:35:00-03:00,13.13488724764945
2017-06-05 14:40:00-03:00,13.015010940717746
2017-06-05 14:45:00-03:00,12.882784326942778
2017-06-05 14:50:00-03:00,12.738016390019139
2017-06-05 14:55:00-03:00,12.580548064852273
2017-06-05 15:00:00-03:00,12.41022879665884
2017-06-05 15:05:00-03:00,12.493711850432554
2017-06-05 15:10:00-03:00,12.552343454898603
2017-06-05 15:15:00-03:00,12.585404921969079
2017-06-05 15:20:00-03:00,12.592165680626605
2017-06-05 15:25:00-03:00,12.571880551308617
2017-06-05 15:30:00-03:00,12.523778541359283
2017-06-05 15:35:00-03:00,12.447107636191786
2017-06-05 15:40:00-03:00,12.341037182891696
2017-06-05 15:45:00-03:00,12.20474334309214
2017-06-05 15:50:00-03:00,12.037373834595119
2017-06-05 15:55:00-03:00,11.838017644876794
2017-06-05 16:00:00-03:00,11.605744530885895
2017-06-05 16:05:00-03:00,11.426861698892832
2017-06-05 16:10:00-03:00,11.205478560463222
2017-06-05 16:15:00-03:00,10.940184143810615
2017-06-05 16:20:00-03:00,10.629552147668873
2017-06-05 16:25:00-03:00,10.272101308412013
2017-06-05 16:30:00-03:00,9.866281694952578
2017-06-05 16:35:00-03:00,9.410593133964845
2017-06-05 16:40:00-03:00,8.9036124446552005
2017-06-05 16:45:00-03:00,8.3441498956957201
2017-06-05 16:50:00-03:00,7.7313966222864243
2017-06-05 16:55:00-03:00,7.0653612607138774
2017-06-05 17:00:00-03:00,6.3474288447319198
2017-06-05 17:05:00-03:00,5.5537524413343693
2017-06-05 17:10:00-03:00,4.7276703395305839
2017-06-05 17:15:00-03:00,3.8826067277025667
2017-06-05 17:20:00-03:00,3.0407296831085908
2017-06-05 17:25:00-03:00,2.2364002185580611
2017-06-05 17:30:00-03:00,1.5182677408709844
2017-06-05 17:35:00-03:00,0.94607945155688167
2017-06-05 17:40:00-03:00,0.57575930777318796
2017-06-05 17:45:00-03:00,0.40929705459660481
2017-06-05 17:50:00-03:00,0.0
2017-06-05 17:55:00-03:00,0.0
2017-06-05 18:00:00-03:00,0.0
2017-06-05 18:05:00-03:00,0.0
2017-06-05 18:10:00-03:00,0.0
2017-06-05 18:15:00-03:00,0.0
2017-06-05 18:20:00-03:00,0.0
2017-06-05 18:25:00-03:00,0.0
2017-06-05 18:30:00-03:00,0.0
2017-06-05 18:35:00-03:00,0.0
2017-06-05 18:40:00-03:00,0.0
2017-06-05 18:45:00-03:00,0.0
2017-06-05 18:50:00-03:00,0.0
2017-06-05 18:55:00-03:00,0.0
2017-06-05 19:00:00-03:00,0.0
2017-06-05 19:05:00-03:00,0.0
2017-06-05 19:10:00-03:00,0.0
2017-06-05 19:15:00-03:00,0.0
2017-06-05 19:20:00-03:00,0.0
2017-06-05 19:25:00-03:00,0.0
2017-06-05 19:30:00-03:00,0.0
2017-06-05 19:35:00-03:00,0.0
2017-06-05 19:40:00-03:00,0.0
2017-06-05 19:45:00-03:00,0.0
2017-06-05 19:50:00-03:00,0.0
2017-06-05 19:55:00-03:00,0.0
2017-06-05 20:00:00-03:00,0.0
2017-06-05 20:05:00-03:00,0.0
2017-06-05 20:10:00-03:00,0.0
2017-06-05 20:15:00-03:00,0.0
2017-06-05 20:20:00-03:00,0.0
2017-06-05 20:25:00-03:00,0.0
2017-06-05 20:30:00-03:00,0.0
2017-06-05 20:35:00-03:00,0.0
2017-06-05 20:40:00-03:00,0.0
2017-06-05 20:45:00-03:00,0.0
2017-06-05 20:50:00-03:00,0.0
2017-06-05 20:55:00-03:00,0.0
2017-06-05 21:00:00-03:00,0.0
2017-06-05 21:05:00-03:00,0.0
2017-06-05 21:10:00-03:00,0.0
2017-06-05 21:15:00-03:00,0.0
2017-06-05 21:20:00-03:00,0.0
2017-06-05 21:25:00-03:00,0.0
2017-06-05 21:30:00-03:00,0.0
2017-06-05 21:35:00-03:00,0.0
2017-06-05 21:40:00-03:00,0.0
2017-06-05 21:45:00-03:00,0.0
2017-06-05 21:50:00-03:00,0.0
2017-06-05 21:55:00-03:00,0.0
2017-06-05 22:00:00-03:00,0.0
2017-06-05 22:05:00-03:00,0.0
2017-06-05 22:10:00-03:00,0.0
2017-06-05 22:15:00-03:00,0.0
2017-06-05 22:20:00-03:00,0.0
2017-06-05 22:25:00-03:00,0.0
2017-06-05 22:30:00-03:00,0.0
2017-06-05 22:35:00-03:00,0.0
2017-06-05 22:40:00-03:00,0.0
2017-06-05 22:45:00-03:00,0.0
2017-06-05 22:50:00-03:00,0.0
2017-06-05 22:55:00-03:00,0.0
2017-06-05 23:00:00-03:00,0.0
2017-06-05 23:05:00-03:00,0.0
2017-06-05 23:10:00-03:00,0.0
2017-06-05 23:15:00-03:00,0.0
2017-06-05 23:20:00-03:00,0.0
2017-06-05 23:25:00-03:00,0.0
2017-06-05 23:30:00-03:00,0.0
2017-06-05 23:35:00-03:00,0.0
2017-06-05 23:40:00-03:00,0.0
2017-06-05 23:45:00-03:00,0.0
2017-06-05 23:50:00-03:00,0.0
2017-06-05 23:55:00-03:00,0.0
2017-06-06 00:00:00-03:00,0.0
2017-06-06 00:05:00-03:00,0.0
2017-06-06 00:10:00-03:00,0.0
2017-06-06 00:15:00-03:00,0.0
2017-06-06 00:20:00-03:00,0.0
2017-06-06 00:25:00-03:00,0.0
2017-06-06 00:30:00-03:00,0.0
2017-06-06 00:35:00-03:00,0.0
2017-06-06 00:40:00-03:00,0.0
2017-06-06 00:45:00-03:00,0.0
2017-06-06 00:50:00-03:00,0.0
2017-06-06 00:55:00-03:00,0.0
2017-06-06 01:00:00-03:00,0.0
2017-06-06 01:05:00-03:00,0.0
2017-06-06 01:10:00-03:00,0.0
2017-06-06 01:15:00-03:00,0.0
2017-06-06 01:20:00-03:00,0.0
2017-06-06 01:25:00-03:00,0.0
2017-06-06 01:30:00-03:00,0.0
2017-06-06 01:35:00-03:00,0.0
2017-06-06 01:40:00-03:00,0.0
2017-06-06 01:45:00-03:00,0.0
2017-06-06 01:50:00-03:00,0.0
2017-06-06 01:55:00-03:00,0.0
2017-06-06 02:00:00-03:00,0.0
2017-06-06 02:05:00-03:00,0.0
2017-06-06 02:10:00-03:00,0.0
2017-06-06 02:15:00-03:00,0.0
2017-06-06 02:20:00-03:00,0.0
2017-06-06 02:25:00-03:00,0.0
2017-06-06 02:30:00-03:00,0.0
2017-06-06 02:35:00-03:00,0.0
2017-06-06 02:40:00-03:00,0.0
2017-06-06 02:45:00-03:00,0.0
2017-06-06 02:50:00-03:00,0.0
2017-06-06 02:55:00-03:00,0.0
2017-06-06 03:00:00-03:00,0.0
2017-06-06 03:05:00-03:00,0.0
2017-06-06 03:10:00-03:00,0.0
2017-06-06 03:15:00-03:00,0.0
2017-06-06 03:20:00-03:00,0.0
2017-06-06 03:25:00-03:00,0.0
2017-06-06 03:30:00-03:00,0.0
2017-06-06 03:35:00-03:00,0.0
2017-06-06 03:40:00-03:00,0.0
2017-06-06 03:45:00-03:00,0.0
2017-06-06 03:50:00-03:00,0.0
2017-06-06 03:55:00-03:00,0.0
2017-06-06 04:00:00-03:00,0.0
2017-06-06 04:05:00-03:00,0.0
2017-06-06 04:10:00-03:00,0.0
2017-06-06 04:15:00-03:00,0.0
2017-06-06 04:20:00-03:00,0.0
2017-06-06 04:25:00-03:00,0.0
2017-06-06 04:30:00-03:00,0.0
2017-06-06 04:35:00-03:00,0.0
2017-06-06 04:40:00-03:00,0.0
2017-06-06 04:45:00-03:00,0.0
2017-06-06 04:50:00-03:00,0.0
2017-06-06 04:55:00-03:00,0.0
2017-06-06 05:00:00-03:00,0.0
2017-06-06 05:05:00-03:00,0.0
2017-06-06 05:10:00-03:00,0.0
2017-06-06 05:15:00-03:00,0.0
2017-06-06 05:20:00-03:00,0.0
2017-06-06 05:25:00-03:00,0.0
2017-06-06 05:30:00-03:00,0.0
2017-06-06 05:35:00-03:00,0.0
2017-06-06 05:40:00-03:00,0.0
2017-06-06 05:45:00-03:00,0.0
2017-06-06 05:50:00-03:00,0.0
2017-06-06 05:55:00-03:00,0.0
2017-06-06 06:00:00-03:00,0.0
2017-06-06 06:05:00-03:00,0.0
2017-06-06 06:10:00-03:00,0.0
2017-06-06 06:15:00-03:00,0.0
2017-06-06 06:20:00-03:00,0.0
2017-06-06 06:25:00-03:00,0.0
2017-06-06 06:30:00-03:00,0.0
2017-06-06 06:35:00-03:00,0.0
2017-06-06 06:40:00-03:00,0.0
2017-06-06 06:45:00-03:00,0.0
2017-06-06 06:50:00-03:00,0.0
2017-06-06 06:55:00-03:00,0.0
2017-06-06 07:00:00-03:00,0.0
2017-06-06 07:05:00-03:00,0.0
2017-06-06 07:10:00-03:00,0.0
2017-06-06 07:15:00-03:00,0.0
2017-06-06 07:20:00-03:00,0.0
2017-06-06 07:25:00-03:00,0.0
2017-06-06 07:30:00-03:00,0.0
2017-06-06 07:35:00-03:00,0.0
2017-06-06 07:40:00-03:00,0.0
2017-06-06 07:45:00-03:00,0.51603441873404565
2017-06-06 07:50:00-03:00,0.76277031837073339
2017-06-06 07:55:00-03:00,1.1605724666403341
2017-06-06 08:00:00-03:00,1.8660081088892468
2017-06-06 08:05:00-03:00,2.8274741086081234
2017-06-06 08:10:00-03:00,3.9701398637895422
2017-06-06 08:15:00-03:00,5.2245202230583798
2017-06-06 08:20:00-03:00,6.5374707597866779
2017-06-06 08:25:00-03:00,7.8723690218487157
2017-06-06 08:30:00-03:00,9.2055326117665643
2017-06-06 08:35:00-03:00,10.522241862494353
2017-06-06 08:40:00-03:00,11.813766750992
2017-06-06 08:45:00-03:00,13.075126003714779
2017-06-06 08:50:00-03:00,14.30366962487159
2017-06-06 08:55:00-03:00,15.498188293865773
2017-06-06 09:00:00-03:00,16.658402281249472
2017-06-06 09:05:00-03:00,17.777942820903217
2017-06-06 09:10:00-03:00,18.862954791433733
2017-06-06 09:15:00-03:00,19.914075952581985
2017-06-06 09:20:00-03:00,20.931993432376451
2017-06-06 09:25:00-03:00,21.917406185564147
2017-06-06 09:30:00-03:00,22.870959507560283
2017-06-06 09:35:00-03:00,23.793374966789955
2017-06-06 09:40:00-03:00,24.685177382152254
2017-06-06 09:45:00-03:00,25.547045809680537
2017-06-06 09:50:00-03:00,26.379424282810991
2017-06-06 09:55:00-03:00,27.182825684710188
2017-06-06 10:00:00-03:00,27.957755155180376
2017-06-06 10:05:00-03:00,28.69730810568344
2017-06-06 10:10:00-03:00,29.408804566723273
2017-06-06 10:15:00-03:00,30.092647172287577
2017-06-06 10:20:00-03:00,30.749213114165951
2017-06-06 10:25:00-03:00,31.378871903507044
2017-06-06 10:30:00-03:00,31.981953482921213
2017-06-06 10:35:00-03:00,32.558775470207522
2017-06-06 10:40:00-03:00,33.109679600634422
2017-06-06 10:45:00-03:00,33.634960800286983
2017-06-06 10:50:00-03:00,34.134852297185915
2017-06-06 10:55:00-03:00,34.609737904335695
2017-06-06 11:00:00-03:00,35.059772214155707
2017-06-06 11:05:00-03:00,35.487657603232563
2017-06-06 11:10:00-03:00,35.891316929206575
2017-06-06 11:15:00-03:00,36.270966712194664
2017-06-06 11:20:00-03:00,36.626866128567301
2017-06-06 11:25:00-03:00,36.959217683765502
2017-06-06 11:30:00-03:00,37.268234306914628
2017-06-06 11:35:00-03:00,37.55411453333938
2017-06-06 11:40:00-03:00,37.81708356069403
2017-06-06 11:45:00-03:00,38.057293147324522
2017-06-06 11:50:00-03:00,38.274940666075608
2017-06-06 11:55:00-03:00,38.470181407479309
2017-06-06 12:00:00-03:00,38.643198965682394
2017-06-06 12:05:00-03:00,38.801048786642667
2017-06-06 12:10:00-03:00,38.937048151168611
2017-06-06 12:15:00-03:00,39.051286856289032
2017-06-06 12:20:00-03:00,39.143911685130583
2017-06-06 12:25:00-03:00,39.214977434258763
2017-06-06 12:30:00-03:00,39.264688816331919
2017-06-06 12:35:00-03:00,39.29299281878955
2017-06-06 12:40:00-03:00,39.3001061949548
2017-06-06 12:45:00-03:00,39.285995819075829
2017-06-06 12:50:00-03:00,39.250753673355781
2017-06-06 12:55:00-03:00,39.194441592832298
2017-06-06 13:00:00-03:00,39.117085440187928
2017-06-06 13:05:00-03:00,39.025905886985363
2017-06-06 13:10:00-03:00,38.913700624183193
2017-06-06 13:15:00-03:00,38.780486650773682
2017-06-06 13:20:00-03:00,38.626211800017494
2017-06-06 13:25:00-03:00,38.450910291527222
2017-06-06 13:30:00-03:00,38.254507861398977
2017-06-06 13:35:00-03:00,38.037002230845559
2017-06-06 13:40:00-03:00,37.798317095645203
2017-06-06 13:45:00-03:00,37.538397203797679
2017-06-06 13:50:00-03:00,37.257203695480229
2017-06-06 13:55:00-03:00,36.954635693824528
2017-06-06 14:00:00-03:00,36.63062104644775
2017-06-06 14:05:00-03:00,36.299084843564799
2017-06-06 14:10:00-03:00,35.94566423623931
2017-06-06 14:15:00-03:00,35.570121794634744
2017-06-06 14:20:00-03:00,35.172384783437501
2017-06-06 14:25:00-03:00,34.752283034952924
2017-06-06 14:30:00-03:00,34.309626203818837
2017-06-06 14:35:00-03:00,33.844261599135656
2017-06-06 14:40:00-03:00,33.356005299612733
2017-06-06 14:45:00-03:00,32.844667847456108
2017-06-06 14:50:00-03:00,32.310046794611154
2017-06-06 14:55:00-03:00,31.751911728630262
2017-06-06 15:00:00-03:00,31.170108286826746
2017-06-06 15:05:00-03:00,30.509757934316536
2017-06-06 15:10:00-03:00,29.826616755907054
2017-06-06 15:15:00-03:00,29.120569542254085
2017-06-06 15:20:00-03:00,28.391518626973788
2017-06-06 15:25:00-03:00,27.639379287868284
2017-06-06 15:30:00-03:00,26.863988800241547
2017-06-06 15:35:00-03:00,26.065175092257935
2017-06-06 15:40:00-03:00,25.24286381352157
2017-06-06 15:45:00-03:00,24.396818387361709
2017-06-06 15:50:00-03:00,23.526856852089562
2017-06-06 15:55:00-03:00,22.632767823411218
2017-06-06 16:00:00-03:00,21.714314899349727
2017-06-06 16:05:00-03:00,20.754881931454072
2017-06-06 16:10:00-03:00,19.77163913089932
2017-06-06 16:15:00-03:00,18.76445222694262
2017-06-06 16:20:00-03:00,17.733117856732985
2017-06-06 16:25:00-03:00,16.677418906708571
2017-06-06 16:30:00-03:00,15.597270859092941
2017-06-06 16:35:00-03:00,14.492677007970608
2017-06-06 16:40:00-03:00,13.363858299952428
2017-06-06 16:45:00-03:00,12.211444207064867
2017-06-06 16:50:00-03:00,11.036678660025848
2017-06-06 16:55:00-03:00,9.8419496690210995
2017-06-06 17:00:00-03:00,8.6313036087023853
2017-06-06 17:05:00-03:00,7.4107745752590466
2017-06-06 17:10:00-03:00,6.19277531536203
2017-06-06 17:15:00-03:00,4.9952087689666858
2017-06-06 17:20:00-03:00,3.8457564774370043
2017-06-06 17:25:00-03:00,2.7850515235888986
2017-06-06 17:30:00-03:00,1.8678662779690194
2017-06-06 17:35:00-03:00,1.1576615244842843
2017-06-06 17:40:00-03:00,0.70792178642241754
2017-06-06 17:45:00-03:00,0.50315145947066742
2017-06-06 17:50:00-03:00,0.0
2017-06-06 17:55:00-03:00,0.0
2017-06-06 18:00:00-03:00,0.0
2017-06-06 18:05:00-03:00,0.0
2017-06-06 18:10:00-03:00,0.0
2017-06-06 18:15:00-03:00,0.0
2017-06-06 18:20:00-03:00,0.0
2017-06-06 18:25:00-03:00,0.0
2017-06-06 18:30:00-03:00,0.0
2017-06-06 18:35:00-03:00,0.0
2017-06-06 18:40:00-03:00,0.0
2017-06-06 18:45:00-03:00,0.0
2017-06-06 18:50:00-03:00,0.0
2017-06-06 18:55:00-03:00,0.0
2017-06-06 19:00:00-03:00,0.0
2017-06-06 19:05:00-03:00,0.0
2017-06-06 19:10:00-03:00,0.0
2017-06-06 19:15:00-03:00,0.0
2017-06-06 19:20:00-03:00,0.0
2017-06-06 19:25:00-03:00,0.0
2017-06-06 19:30:00-03:00,0.0
2017-06-06 19:35:00-03:00,0.0
2017-06-06 19:40:00-03:00,0.0
2017-06-06 19:45:00-03:00,0.0
2017-06-06 19:50:00-03:00,0.0
2017-06-06 19:55:00-03:00,0.0
2017-06-06 20:00:00-03:00,0.0
2017-06-06 20:05:00-03:00,0.0
2017-06-06 20:10:00-03:00,0.0
2017-06-06 20:15:00-03:00,0.0
2017-06-06 20:20:00-03:00,0.0
2017-06-06 20:25:00-03:00,0.0
2017-06-06 20:30:00-03:00,0.0
2017-06-06 20:35:00-03:00,0.0
2017-06-06 20:40:00-03:00,0.0
2017-06-06 20:45:00-03:00,0.0
2017-06-06 20:50:00-03:00,0.0
2017-06-06 20:55:00-03:00,0.0
2017-06-06 21:00:00-03:00,0.0
2017-06-06 21:05:00-03:00,0.0
2017-06-06 21:10:00-03:00,0.0
2017-06-06 21:15:00-03:00,0.0
2017-06-06 21:20:00-03:00,0.0
2017-06-06 21:25:00-03:00,0.0
2017-06-06 21:30:00-03:00,0.0
2017-06-06 21:35:00-03:00,0.0
2017-06-06 21:40:00-03:00,0.0
2017-06-06 21:45:00-03:00,0.0
2017-06-06 21:50:00-03:00,0.0
2017-06-06 21:55:00-03:00,0.0
2017-06-06 22:00:00-03:00,0.0
2017-06-06 22:05:00-03:00,0.0
2017-06-06 22:10:00-03:00,0.0
2017-06-06 22:15:00-03:00,0.0
2017-06-06 22:20:00-03:00,0.0
2017-06-06 22:25:00-03:00,0.0
2017-06-06 22:30:00-03:00,0.0
2017-06-06 22:35:00-03:00,0.0
2017-06-06 22:40:00-03:00,0.0
2017-06-06 22:45:00-03:00,0.0
2017-06-06 22:50:00-03:00,0.0
2017-06-06 22:55:00-03:00,0.0
2017-06-06 23:00:00-03:00,0.0
2017-06-06 23:05:00-03:00,0.0
2017-06-06 23:10:00-03:00,0.0
2017-06-06 23:15:00-03:00,0.0
2017-06-06 23:20:00-03:00,0.0
2017-06-06 23:25:00-03:00,0.0
2017-06-06 23:30:00-03:00,0.0
2017-06-06 23:35:00-03:00,0.0
2017-06-06 23:40:00-03:00,0.0
2017-06-06 23:45:00-03:00,0.0
2017-06-06 23:50:00-03:00,0.0
2017-06-06 23:55:00-03:00,0.0
2017-06-07 00:00:00-03:00,0.0
2017-06-07 00:05:00-03:00,0.0
2017-06-07 00:10:00-03:00,0.0
2017-06-07 00:15:00-03:00,0.0
2017-06-07 00:20:00-03:00,0.0
2017-06-07 00:25:00-03:00,0.0
2017-06-07 00:30:00-03:00,0.0
2017-06-07 00:35:00-03:00,0.0
2017-06-07 00:40:00-03:00,0.0
2017-06-07 00:45:00-03:00,0.0
2017-06-07 00:50:00-03:00,0.0
2017-06-07 00:55:00-03:00,0.0
2017-06-07 01:00:00-03:00,0.0
2017-06-07 01:05:00-03:00,0.0
2017-06-07 01:10:00-03:00,0.0
2017-06-07 01:15:00-03:00,0.0
2017-06-07 01:20:00-03:00,0.0
2017-06-07 01:25:00-03:00,0.0
2017-06-07 01:30:00-03:00,0.0
2017-06-07 01:35:00-03:00,0.0
2017-06-07 01:40:00-03:00,0.0
2017-06-07 01:45:00-03:00,0.0
2017-06-07 01:50:00-03:00,0.0
2017-06-07 01:55:00-03:00,0.0
2017-06-07 02:00:00-03:00,0.0
2017-06-07 02:05:00-03:00,0.0
2017-06-07 02:10:00-03:00,0.0
2017-06-07 02:15:00-03:00,0.0
2017-06-07 02:20:00-03:00,0.0
2017-06-07 02:25:00-03:00,0.0
2017-06-07 02:30:00-03:00,0.0
2017-06-07 02:35:00-03:00,0.0
2017-06-07 02:40:00-03:00,0.0
2017-06-07 02:45:00-03:00,0.0
2017-06-07 02:50:00-03:00,0.0
2017-06-07 02:55:00-03:00,0.0
2017-06-07 03:00:00-03:00,0.0
2017-06-07 03:05:00-03:00,0.0
2017-06-07 03:10:00-03:00,0.0
2017-06-07 03:15:00-03:00,0.0
2017-06-07 03:20:00-03:00,0.0
2017-06-07 03:25:00-03:00,0.0
2017-06-07 03:30:00-03:00,0.0
2017-06-07 03:35:00-03:00,0.0
2017-06-07 03:40:00-03:00,0.0
2017-06-07 03:45:00-03:00,0.0
2017-06-07 03:50:00-03:00,0.0
2017-06-07 03:55:00-03:00,0.0
2017-06-07 04:00:00-03:00,0.0
2017-06-07 04:05:00-03:00,0.0
2017-06-07 04:10:00-03:00,0.0
2017-06-07 04:15:00-03:00,0.0
2017-06-07 04:20:00-03:00,0.0
2017-06-07 04:25:00-03:00,0.0
2017-06-07 04:30:00-03:00,0.0
2017-06-07 04:35:00-03:00,0.0
2017-06-07 04:40:00-03:00,0.0
2017-06-07 04:45:00-03:00,0.0
2017-06-07 04:50:00-03:00,0.0
2017-06-07 04:55:00-03:00,0.0
2017-06-07 05:00:00-03:00,0.0
2017-06-07 05:05:00-03:00,0.0
2017-06-07 05:10:00-03:00,0.0
2017-06-07 05:15:00-03:00,0.0
2017-06-07 05:20:00-03:00,0.0
2017-06-07 05:25:00-03:00,0.0
2017-06-07 05:30:00-03:00,0.0
2017-06-07 05:35:00-03:00,0.0
2017-06-07 05:40:00-03:00,0.0
2017-06-07 05:45:00-03:00,0.0
2017-06-07 05:50:00-03:00,0.0
2017-06-07 05:55:00-03:00,0.0
2017-06-07 06:00:00-03:00,0.0
2017-06-07 06:05:00-03:00,0.0
2017-06-07 06:10:00-03:00,0.0
2017-06-07 06:15:00-03:00,0.0
2017-06-07 06:20:00-03:00,0.0
2017-06-07 06:25:00-03:00,0.0
2017-06-07 06:30:00-03:00,0.0
2017-06-07 06:35:00-03:00,0.0
2017-06-07 06:40:00-03:00,0.0
2017-06-07 06:45:00-03:00,0.0
2017-06-07 06:50:00-03:00,0.0
2017-06-07 06:55:00-03:00,0.0
2017-06-07 07:00:00-03:00,0.0
2017-06-07 07:05:00-03:00,0.0
2017-06-07 07:10:00-03:00,0.0
2017-06-07 07:15:00-03:00,0.0
2017-06-07 07:20:00-03:00,0.0
2017-06-07 07:25:00-03:00,0.0
2017-06-07 07:30:00-03:00,0.0
2017-06-07 07:35:00-03:00,0.0
2017-06-07 07:40:00-03:00,0.0
2017-06-07 07:45:00-03:00,-0.0035999999999999999
2017-06-07 07:50:00-03:00,0.049902263051262573
2017-06-07 07:55:00-03:00,0.17685290632769343
2017-06-07 08:00:00-03:00,0.41108061438057381
2017-06-07 08:05:00-03:00,0.73775476376301341
2017-06-07 08:10:00-03:00,1.1321867965024905
2017-06-07 08:15:00-03:00,1.5705343172958224
2017-06-07 08:20:00-03:00,2.0340953302152895
2017-06-07 08:25:00-03:00,2.5096979457675985
2017-06-07 08:30:00-03:00,2.988603318144055
2017-06-07 08:35:00-03:00,3.4652587459902171
2017-06-07 08:40:00-03:00,3.9362590300957203
2017-06-07 08:45:00-03:00,4.3995167113415929
2017-06-07 08:50:00-03:00,4.853852773584749
2017-06-07 08:55:00-03:00,5.2985977619682503
2017-06-07 09:00:00-03:00,5.733409625030415
2017-06-07 09:05:00-03:00,6.1469486089020675
2017-06-07 09:10:00-03:00,6.5490370186684181
2017-06-07 09:15:00-03:00,6.9397476163883214
2017-06-07 09:20:00-03:00,7.3192211600126189
2017-06-07 09:25:00-03:00,7.6876113328580775
2017-06-07 09:30:00-03:00,8.0450543602912941
2017-06-07 09:35:00-03:00,8.3916732514904098
2017-06-07 09:40:00-03:00,8.7276187716751465
2017-06-07 09:45:00-03:00,9.0529989397795152
2017-06-07 09:50:00-03:00,9.3678760759569535
2017-06-07 09:55:00-03:00,9.6724164915526281
2017-06-07 10:00:00-03:00,9.966635229060758
2017-06-07 10:05:00-03:00,10.264909006986327
2017-06-07 10:10:00-03:00,10.553766265051014
2017-06-07 10:15:00-03:00,10.833221983647677
2017-06-07 10:20:00-03:00,11.103283924531434
2017-06-07 10:25:00-03:00,11.363969224120391
2017-06-07 10:30:00-03:00,11.615272934791927
2017-06-07 10:35:00-03:00,11.85719292831231
2017-06-07 10:40:00-03:00,12.089733875607161
2017-06-07 10:45:00-03:00,12.31288256624198
2017-06-07 10:50:00-03:00,12.526639527492815
2017-06-07 10:55:00-03:00,12.730988591826463
2017-06-07 11:00:00-03:00,12.925923920731597
2017-06-07 11:05:00-03:00,13.091561105917016
2017-06-07 11:10:00-03:00,13.247293645274482
2017-06-07 11:15:00-03:00,13.393124794091623
2017-06-07 11:20:00-03:00,13.529105539197554
2017-06-07 11:25:00-03:00,13.655268377221333
2017-06-07 11:30:00-03:00,13.771642745242078
2017-06-07 11:35:00-03:00,13.878264334138185
2017-06-07 11:40:00-03:00,13.975173379190107
2017-06-07 11:45:00-03:00,14.062381320389747
2017-06-07 11:50:00-03:00,14.13998442763558
2017-06-07 11:55:00-03:00,14.207955396735393
2017-06-07 12:00:00-03:00,14.266380984252169
2017-06-07 12:05:00-03:00,14.33889538543084
2017-06-07 12:10:00-03:00,14.402122851142975
2017-06-07 12:15:00-03:00,14.456059209540841
2017-06-07 12:20:00-03:00,14.50070263347502
2017-06-07 12:25:00-03:00,14.536103275017155
2017-06-07 12:30:00-03:00,14.562217601913932
2017-06-07 12:35:00-03:00,14.579065806484037
2017-06-07 12:40:00-03:00,14.586660703723073
2017-06-07 12:45:00-03:00,14.585046143441268
2017-06-07 12:50:00-03:00,14.574197039627711
2017-06-07 12:55:00-03:00,14.55413890774118
2017-06-07 13:00:00-03:00,14.52489037038449
2017-06-07 13:05:00-03:00,14.48820132244964
2017-06-07 13:10:00-03:00,14.442354953936825
2017-06-07 13:15:00-03:00,14.387370603923209
2017-06-07 13:20:00-03:00,14.323269006093199
2017-06-07 13:25:00-03:00,14.250072216836466
2017-06-07 13:30:00-03:00,14.167803655006168
2017-06-07 13:35:00-03:00,14.076488017714826
2017-06-07 13:40:00-03:00,13.976151273538111
2017-06-07 13:45:00-03:00,13.866800459208635
2017-06-07 13:50:00-03:00,13.74852362206307
2017-06-07 13:55:00-03:00,13.621313151884555
2017-06-07 14:00:00-03:00,13.485199564015531
2017-06-07 14:05:00-03:00,13.3436275727158
2017-06-07 14:10:00-03:00,13.19314877920041
2017-06-07 14:15:00-03:00,13.033809218201048
2017-06-07 14:20:00-03:00,12.865611558261532
2017-06-07 14:25:00-03:00,12.688603965482947
2017-06-07 14:30:00-03:00,12.502800924153378
2017-06-07 14:35:00-03:00,12.308258668001526
2017-06-07 14:40:00-03:00,12.104973181597792
2017-06-07 14:45:00-03:00,11.893015191088532
2017-06-07 14:50:00-03:00,11.67238236155668
2017-06-07 14:55:00-03:00,11.443102372891357
2017-06-07 15:00:00-03:00,11.205239870570368
2017-06-07 15:05:00-03:00,10.962958148320411
2017-06-07 15:10:00-03:00,10.711936329681812
2017-06-07 15:15:00-03:00,10.452180396739791
2017-06-07 15:20:00-03:00,10.183716554979661
2017-06-07 15:25:00-03:00,9.9065243698152958
2017-06-07 15:30:00-03:00,9.6206309530915064
2017-06-07 15:35:00-03:00,9.325999978907495
2017-06-07 15:40:00-03:00,9.0226553876776627
2017-06-07 15:45:00-03:00,8.7105400254855798
2017-06-07 15:50:00-03:00,8.3896360505911556
2017-06-07 15:55:00-03:00,8.0599087656013157
2017-06-07 16:00:00-03:00,7.7213060498824406
2017-06-07 16:05:00-03:00,7.3754143306570352
2017-06-07 16:10:00-03:00,7.0203698794572773
2017-06-07 16:15:00-03:00,6.6561072148393174
2017-06-07 16:20:00-03:00,6.282539611051372
2017-06-07 16:25:00-03:00,5.8996035876248714
2017-06-07 16:30:00-03:00,5.5072239640699108
2017-06-07 16:35:00-03:00,5.1054019960766164
2017-06-07 16:40:00-03:00,4.6942208554458746
2017-06-07 16:45:00-03:00,4.2738870757724365
2017-06-07 16:50:00-03:00,3.8448829006797549
2017-06-07 16:55:00-03:00,3.4080722810540793
2017-06-07 17:00:00-03:00,2.9650044205435231
2017-06-07 17:05:00-03:00,2.5182308889740805
2017-06-07 17:10:00-03:00,2.071991282737172
2017-06-07 17:15:00-03:00,1.6329985983312048
2017-06-07 17:20:00-03:00,1.2115688295060381
2017-06-07 17:25:00-03:00,0.82279709912344279
2017-06-07 17:30:00-03:00,0.48702178370328453
2017-06-07 17:35:00-03:00,0.22768555103192803
2017-06-07 17:40:00-03:00,0.064491280471135448
2017-06-07 17:45:00-03:00,-0.0035999999999999999
2017-06-07 17:50:00-03:00,0.0
2017-06-07 17:55:00-03:00,0.0
2017-06-07 18:00:00-03:00,0.0
2017-06-07 18:05:00-03:00,0.0
2017-06-07 18:10:00-03:00,0.0
2017-06-07 18:15:00-03:00,0.0
2017-06-07 18:20:00-03:00,0.0
2017-06-07 18:25:00-03:00,0.0
2017-06-07 18:30:00-03:00,0.0
2017-06-07 18:35:00-03:00,0.0
2017-06-07 18:40:00-03:00,0.0
2017-06-07 18:45:00-03:00,0.0
2017-06-07 18:50:00-03:00,0.0
2017-06-07 18:55:00-03:00,0.0
2017-06-07 19:00:00-03:00,0.0
2017-06-07 19:05:00-03:00,0.0
2017-06-07 19:10:00-03:00,0.0
2017-06-07 19:15:00-03:00,0.0
2017-06-07 19:20:00-03:00,0.0
2017-06-07 19:25:00-03:00,0.0
2017-06-07 19:30:00-03:00,0.0
2017-06-07 19:35:00-03:00,0.0
2017-06-07 19:40:00-03:00,0.0
2017-06-07 19:45:00-03:00,0.0
2017-06-07 19:50:00-03:00,0.0
2017-06-07 19:55:00-03:00,0.0
2017-06-07 20:00:00-03:00,0.0
2017-06-07 20:05:00-03:00,0.0
2017-06-07 20:10:00-03:00,0.0
2017-06-07 20:15:00-03:00,0.0
2017-06-07 20:20:00-03:00,0.0
2017-06-07 20:25:00-03:00,0.0
2017-06-07 20:30:00-03:00,0.0
2017-06-07 20:35:00-03:00,0.0
2017-06-07 20:40:00-03:00,0.0
2017-06-07 20:45:00-03:00,0.0
2017-06-07 20:50:00-03:00,0.0
2017-06-07 20:55:00-03:00,0.0
2017-06-07 21:00:00-03:00,0.0
2017-06-07 21:05:00-03:00,0.0
2017-06-07 21:10:00-03:00,0.0
2017-06-07 21:15:00-03:00,0.0
2017-06-07 21:20:00-03:00,0.0
2017-06-07 21:25:00-03:00,0.0
2017-06-07 21:30:00-03:00,0.0
2017-06-07 21:35:00-03:00,0.0
2017-06-07 21:40:00-03:00,0.0
2017-06-07 21:45:00-03:00,0.0
2017-06-07 21:50:00-03:00,0.0
2017-06-07 21:55:00-03:00,0.0
2017-06-07 22:00:00-03:00,0.0
2017-06-07 22:05:00-03:00,0.0
2017-06-07 22:10:00-03:00,0.0
2017-06-07 22:15:00-03:00,0.0
2017-06-07 22:20:00-03:00,0.0
2017-06-07 22:25:00-03:00,0.0
2017-06-07 22:30:00-03:00,0.0
2017-06-07 22:35:00-03:00,0.0
2017-06-07 22:40:00-03:00,0.0
2017-06-07 22:45:00-03:00,0.0
2017-06-07 22:50:00-03:00,0.0
2017-06-07 22:55:00-03:00,0.0
2017-06-07 23:00:00-03:00,0.0
2017-06-07 23:05:00-03:00,0.0
2017-06-07 23:10:00-03:00,0.0
2017-06-07 23:15:00-03:00,0.0
2017-06-07 23:20:00-03:00,0.0
2017-06-07 23:25:00-03:00,0.0
2017-06-07 23:30:00-03:00,0.0
2017-06-07 23:35:00-03:00,0.0
2017-06-07 23:40:00-03:00,0.0
2017-06-07 23:45:00-03:00,0.0
2017-06-07 23:50:00-03:00,0.0
2017-06-07 23:55:00-03:00,0.0
2017-06-08 00:00:00-03:00,0.0
2017-06-08 00:05:00-03:00,0.0
2017-06-08 00:10:00-03:00,0.0
2017-06-08 00:15:00-03:00,0.0
2017-06-08 00:20:00-03:00,0.0
2017-06-08 00:25:00-03:00,0.0
2017-06-08 00:30:00-03:00,0.0
2017-06-08 00:35:00-03:00,0.0
2017-06-08 00:40:00-03:00,0.0
2017-06-08 00:45:00-03:00,0.0
2017-06-08 00:50:00-03:00,0.0
2017-06-08 00:55:00-03:00,0.0
2017-06-08 01:00:00-03:00,0.0
2017-06-08 01:05:00-03:00,0.0
2017-06-08 01:10:00-03:00,0.0
2017-06-08 01:15:00-03:00,0.0
2017-06-08 01:20:00-03:00,0.0
2017-06-08 01:25:00-03:00,0.0
2017-06-08 01:30:00-03:00,0.0
2017-06-08 01:35:00-03:00,0.0
2017-06-08 01:40:00-03:00,0.0
2017-06-08 01:45:00-03:00,0.0
2017-06-08 01:50:00-03:00,0.0
2017-06-08 01:55:00-03:00,0.0
2017-06-08 02:00:00-03:00,0.0
2017-06-08 02:05:00-03:00,0.0
2017-06-08 02:10:00-03:00,0.0
2017-06-08 02:15:00-03:00,0.0
2017-06-08 02:20:00-03:00,0.0
2017-06-08 02:25:00-03:00,0.0
2017-06-08 02:30:00-03:00,0.0
2017-06-08 02:35:00-03:00,0.0
2017-06-08 02:40:00-03:00,0.0
2017-06-08 02:45:00-03:00,0.0
2017-06-08 02:50:00-03:00,0.0
2017-06-08 02:55:00-03:00,0.0
2017-06-08 03:00:00-03:00,0.0
2017-06-08 03:05:00-03:00,0.0
2017-06-08 03:10:00-03:00,0.0
2017-06-08 03:15:00-03:00,0.0
2017-06-08 03:20:00-03:00,0.0
2017-06-08 03:25:00-03:00,0.0
2017-06-08 03:30:00-03:00,0.0
2017-06-08 03:35:00-03:00,0.0
2017-06-08 03:40:00-03:00,0.0
2017-06-08 03:45:00-03:00,0.0
2017-06-08 03:50:00-03:00,0.0
2017-06-08 03:55:00-03:00,0.0
2017-06-08 04:00:00-03:00,0.0
2017-06-08 04:05:00-03:00,0.0
2017-06-08 04:10:00-03:00,0.0
2017-06-08 04:15:00-03:00,0.0
2017-06-08 04:20:00-03:00,0.0
2017-06-08 04:25:00-03:00,0.0
2017-06-08 04:30:00-03:00,0.0
2017-06-08 04:35:00-03:00,0.0
2017-06-08 04:40:00-03:00,0.0
2017-06-08 04:45:00-03:00,0.0
2017-06-08 04:50:00-03:00,0.0
2017-06-08 04:55:00-03:00,0.0
2017-06-08 05:00:00-03:00,0.0
2017-06-08 05:05:00-03:00,0.0
2017-06-08 05:10:00-03:00,0.0
2017-06-08 05:15:00-03:00,0.0
2017-06-08 05:20:00-03:00,0.0
2017-06-08 05:25:00-03:00,0.0
2017-06-08 05:30:00-03:00,0.0
2017-06-08 05:35:00-03:00,0.0
2017-06-08 05:40:00-03:00,0.0
2017-06-08 05:45:00-03:00,0.0
2017-06-08 05:50:00-03:00,0.0
2017-06-08 05:55:00-03:00,0.0
2017-06-08 06:00:00-03:00,0.0
2017-06-08 06:05:00-03:00,0.0
2017-06-08 06:10:00-03:00,0.0
2017-06-08 06:15:00-03:00,0.0
2017-06-08 06:20:00-03:00,0.0
2017-06-08 06:25:00-03:00,0.0
2017-06-08 06:30:00-03:00,0.0
2017-06-08 06:35:00-03:00,0.0
2017-06-08 06:40:00-03:00,0.0
2017-06-08 06:45:00-03:00,0.0
2017-06-08 06:50:00-03:00,0.0
2017-06-08 06:55:00-03:00,0.0
2017-06-08 07:00:00-03:00,0.0
2017-06-08 07:05:00-03:00,0.0
2017-06-08 07:10:00-03:00,0.0
2017-06-08 07:15:00-03:00,0.0
2017-06-08 07:20:00-03:00,0.0
2017-06-08 07:25:00-03:00,0.0
2017-06-08 07:30:00-03:00,0.0
2017-06-08 07:35:00-03:00,0.0
2017-06-08 07:40:00-03:00,0.0
2017-06-08 07:45:00-03:00,-0.0035999999999999999
2017-06-08 07:50:00-03:00,0.065497679124813787
2017-06-08 07:55:00-03:00,0.18803909747148828
2017-06-08 08:00:00-03:00,0.42237583934369494
2017-06-08 08:05:00-03:00,0.75825418284378965
2017-06-08 08:10:00-03:00,1.1677952014325996
2017-06-08 08:15:00-03:00,1.6255406292783241
2017-06-08 08:20:00-03:00,2.1112323302938161
2017-06-08 08:25:00-03:00,2.6105257843117289
2017-06-08 08:30:00-03:00,3.1138684675497665
2017-06-08 08:35:00-03:00,3.615196143874813
2017-06-08 08:40:00-03:00,4.110750408679098
2017-06-08 08:45:00-03:00,4.598261960021599
2017-06-08 08:50:00-03:00,5.0764105487580942
2017-06-08 08:55:00-03:00,5.5444870834000382
2017-06-08 09:00:00-03:00,6.0021206481092344
2017-06-08 09:05:00-03:00,6.5156848415579223
2017-06-08 09:10:00-03:00,7.0269038154699563
2017-06-08 09:15:00-03:00,7.5354991322181029
2017-06-08 09:20:00-03:00,8.0411574363481471
2017-06-08 09:25:00-03:00,8.5436542034456178
2017-06-08 09:30:00-03:00,9.0427166536199159
2017-06-08 09:35:00-03:00,9.5381228810993335
2017-06-08 09:40:00-03:00,10.029599233310455
2017-06-08 09:45:00-03:00,10.516914755302043
2017-06-08 09:50:00-03:00,10.99978061753267
2017-06-08 09:55:00-03:00,11.477956789188788
2017-06-08 10:00:00-03:00,11.951135176397612
2017-06-08 10:05:00-03:00,12.464663644006592
2017-06-08 10:10:00-03:00,12.974871308885129
2017-06-08 10:15:00-03:00,13.48132183216504
2017-06-08 10:20:00-03:00,13.983553290334584
2017-06-08 10:25:00-03:00,14.481182413973565
2017-06-08 10:30:00-03:00,14.973741650678495
2017-06-08 10:35:00-03:00,15.460803316183787
2017-06-08 10:40:00-03:00,15.94191227166184
2017-06-08 10:45:00-03:00,16.416642203804653
2017-06-08 10:50:00-03:00,16.884588633727297
2017-06-08 10:55:00-03:00,17.345312090836007
2017-06-08 11:00:00-03:00,17.798392839191532
2017-06-08 11:05:00-03:00,18.263836849985914
2017-06-08 11:10:00-03:00,18.721249904814869
2017-06-08 11:15:00-03:00,19.170219189108277
2017-06-08 11:20:00-03:00,19.610278981743413
2017-06-08 11:25:00-03:00,20.040983734714107
2017-06-08 11:30:00-03:00,20.461914917589304
2017-06-08 11:35:00-03:00,20.8726788367415
2017-06-08 11:40:00-03:00,21.272811422464247
2017-06-08 11:45:00-03:00,21.661946488723224
2017-06-08 11:50:00-03:00,22.039657734567037
2017-06-08 11:55:00-03:00,22.405551938695194
2017-06-08 12:00:00-03:00,22.759291248479155
2017-06-08 12:05:00-03:00,23.103162068102542
2017-06-08 12:10:00-03:00,23.434202017991389
2017-06-08 12:15:00-03:00,23.752007178335838
2017-06-08 12:20:00-03:00,24.056227798281093
2017-06-08 12:25:00-03:00,24.346511425888156
2017-06-08 12:30:00-03:00,24.622514655796227
2017-06-08 12:35:00-03:00,24.883891867540857
2017-06-08 12:40:00-03:00,25.130296048701521
2017-06-08 12:45:00-03:00,25.361386707233425
2017-06-08 12:50:00-03:00,25.576864915373758
2017-06-08 12:55:00-03:00,25.776383648555619
2017-06-08 13:00:00-03:00,25.959618563321467
2017-06-08 13:05:00-03:00,26.130046010751421
2017-06-08 13:10:00-03:00,26.283597381245833
2017-06-08 13:15:00-03:00,26.419994966116672
2017-06-08 13:20:00-03:00,26.53886804516943
2017-06-08 13:25:00-03:00,26.639912850339723
2017-06-08 13:30:00-03:00,26.7228159680221
2017-06-08 13:35:00-03:00,26.787269758828337
2017-06-08 13:40:00-03:00,26.832922212607969
2017-06-08 13:45:00-03:00,26.859473545214701
2017-06-08 13:50:00-03:00,26.866594494932109
2017-06-08 13:55:00-03:00,26.853952044634241
2017-06-08 14:00:00-03:00,26.821216573648364
2017-06-08 14:05:00-03:00,26.772847805459815
2017-06-08 14:10:00-03:00,26.703682598616503
2017-06-08 14:15:00-03:00,26.61337241378564
2017-06-08 14:20:00-03:00,26.501521162136537
2017-06-08 14:25:00-03:00,26.367795413771599
2017-06-08 14:30:00-03:00,26.211773694837728
2017-06-08 14:35:00-03:00,26.033090380015224
2017-06-08 14:40:00-03:00,25.831324621620912
2017-06-08 14:45:00-03:00,25.606043619985439
2017-06-08 14:50:00-03:00,25.356859757701095
2017-06-08 14:55:00-03:00,25.083282796482553
2017-06-08 15:00:00-03:00,24.784871614093042
2017-06-08 15:05:00-03:00,24.501813540258613
2017-06-08 15:10:00-03:00,24.191424621706506
2017-06-08 15:15:00-03:00,23.853099091145186
2017-06-08 15:20:00-03:00,23.486210922598072
2017-06-08 15:25:00-03:00,23.090055869439642
2017-06-08 15:30:00-03:00,22.663933429718789
2017-06-08 15:35:00-03:00,22.207121143292404
2017-06-08 15:40:00-03:00,21.718794082481622
2017-06-08 15:45:00-03:00,21.19812789230366
2017-06-08 15:50:00-03:00,20.64422440159613
2017-06-08 15:55:00-03:00,20.056198676447828
2017-06-08 16:00:00-03:00,19.432996605673488
2017-06-08 16:05:00-03:00,18.76738312244753
2017-06-08 16:10:00-03:00,18.064980893025687
2017-06-08 16:15:00-03:00,17.324605140324518
2017-06-08 16:20:00-03:00,16.545074699326982
2017-06-08 16:25:00-03:00,15.725125454314878
2017-06-08 16:30:00-03:00,14.863527210772087
2017-06-08 16:35:00-03:00,13.959102110248489
2017-06-08 16:40:00-03:00,13.010837036202298
2017-06-08 16:45:00-03:00,12.018048051061093
2017-06-08 16:50:00-03:00,10.980725310414131
2017-06-08 16:55:00-03:00,9.8998937900028849
2017-06-08 17:00:00-03:00,8.7784496890445443
2017-06-08 17:05:00-03:00,7.6091800802157747
2017-06-08 17:10:00-03:00,6.4200317549864785
2017-06-08 17:15:00-03:00,5.2294837581051485
2017-06-08 17:20:00-03:00,4.0671777490582741
2017-06-08 17:25:00-03:00,2.9779435172231219
2017-06-08 17:30:00-03:00,2.0238097705393798
2017-06-08 17:35:00-03:00,1.2785638724805677
2017-06-08 17:40:00-03:00,0.80720516926936514
2017-06-08 17:45:00-03:00,0.59462745066681832
2017-06-08 17:50:00-03:00,0.0
2017-06-08 17:55:00-03:00,0.0
2017-06-08 18:00:00-03:00,0.0
2017-06-08 18:05:00-03:00,0.0
2017-06-08 18:10:00-03:00,0.0
2017-06-08 18:15:00-03:00,0.0
2017-06-08 18:20:00-03:00,0.0
2017-06-08 18:25:00-03:00,0.0
2017-06-08 18:30:00-03:00,0.0
2017-06-08 18:35:00-03:00,0.0
2017-06-08 18:40:00-03:00,0.0
2017-06-08 18:45:00-03:00,0.0
2017-06-08 18:50:00-03:00,0.0
2017-06-08 18:55:00-03:00,0.0
2017-06-08 19:00:00-03:00,0.0
2017-06-08 19:05:00-03:00,0.0
2017-06-08 19:10:00-03:00,0.0
2017-06-08 19:15:00-03:00,0.0
2017-06-08 19:20:00-03:00,0.0
2017-06-08 19:25:00-03:00,0.0
2017-06-08 19:30:00-03:00,0.0
2017-06-08 19:35:00-03:00,0.0
2017-06-08 19:40:00-03:00,0.0
2017-06-08 19:45:00-03:00,0.0
2017-06-08 19:50:00-03:00,0.0
2017-06-08 19:55:00-03:00,0.0
2017-06-08 20:00:00-03:00,0.0
2017-06-08 20:05:00-03:00,0.0
2017-06-08 20:10:00-03:00,0.0
2017-06-08 20:15:00-03:00,0.0
2017-06-08 20:20:00-03:00,0.0
2017-06-08 20:25:00-03:00,0.0
2017-06-08 20:30:00-03:00,0.0
2017-06-08 20:35:00-03:00,0.0
2017-06-08 20:40:00-03:00,0.0
2017-06-08 20:45:00-03:00,0.0
2017-06-08 20:50:00-03:00,0.0
2017-06-08 20:55:00-03:00,0.0
2017-06-08 21:00:00-03:00,0.0
2017-06-08 21:05:00-03:00,0.0
2017-06-08 21:10:00-03:00,0.0
2017-06-08 21:15:00-03:00,0.0
2017-06-08 21:20:00-03:00,0.0
2017-06-08 21:25:00-03:00,0.0
2017-06-08 21:30:00-03:00,0.0
2017-06-08 21:35:00-03:00,0.0
2017-06-08 21:40:00-03:00,0.0
2017-06-08 21:45:00-03:00,0.0
2017-06-08 21:50:00-03:00,0.0
2017-06-08 21:55:00-03:00,0.0
2017-06-08 22:00:00-03:00,0.0
2017-06-08 22:05:00-03:00,0.0
2017-06-08 22:10:00-03:00,0.0
2017-06-08 22:15:00-03:00,0.0
2017-06-08 22:20:00-03:00,0.0
2017-06-08 22:25:00-03:00,0.0
2017-06-08 22:30:00-03:00,0.0
2017-06-08 22:35:00-03:00,0.0
2017-06-08 22:40:00-03:00,0.0
2017-06-08 22:45:00-03:00,0.0
2017-06-08 22:50:00-03:00,0.0
2017-06-08 22:55:00-03:00,0.0
2017-06-08 23:00:00-03:00,0.0
2017-06-08 23:05:00-03:00,0.0
2017-06-08 23:10:00-03:00,0.0
2017-06-08 23:15:00-03:00,0.0
2017-06-08 23:20:00-03:00,0.0
2017-06-08 23:25:00-03:00,0.0
2017-06-08 23:30:00-03:00,0.0
2017-06-08 23:35:00-03:00,0.0
2017-06-08 23:40:00-03:00,0.0
2017-06-08 23:45:00-03:00,0.0
2017-06-08 23:50:00-03:00,0.0
2017-06-08 23:55:00-03:00,0.0
2017-06-09 00:00:00-03:00,0.0
